mvc-11484,172.0
mvc-11438,37.0
mvc-15350,107.0
mvc-652,83.0
mvc-4415,199.0
mvc-15643,37.0
mvc-13876,259.0
mvc-10478,86.0
mvc-6389,116.0
mvc-5897,70.0
mvc-8365,87.0
mvc-11651,69.0
mvc-13158,167.0
mvc-678,26.0
mvc-13133,31.0
mvc-15272,70.0
mvc-3769,122.0
mvc-3978,110.0
mvc-7786,139.0
mvc-13900,120.0
mvc-11233,71.0
mvc-11780,65.0
mvc-5096,50.0
mvc-3988,96.0
mvc-7794,97.0
mvc-14201,129.0
mvc-14941,38.0
mp-22712,95.0
mvc-3672,125.0
mvc-5884,63.0
mvc-4607,111.0
mvc-3525,49.0
mvc-13455,168.0
mvc-6921,139.0
mvc-11699,182.0
mvc-12484,157.0
mp-544,169.0
mp-3702,198.0
mp-8871,47.0
mp-865162,161.0
mp-9556,49.0
mp-29596,93.0
mp-22617,91.0
mp-862563,108.0
mp-8786,139.0
mp-30427,32.0
mp-755309,10.0
mp-864890,188.0
mp-23558,100.0
mp-11431,85.0
mp-9324,34.0
mp-7524,129.0
mp-862561,178.0
mp-5072,24.0
mp-3805,203.0
mp-20790,18.0
mp-672645,187.0
mp-6926,112.0
mp-1251,233.0
mp-16524,131.0
mp-10086,106.0
mp-5962,33.0
mp-865490,232.0
mp-2480,158.0
mp-989579,20.0
mp-7739,57.0
mp-865888,202.0
mp-862431,124.0
mp-558781,177.0
mp-865868,138.0
mp-7918,127.0
mp-867137,195.0
mp-4152,44.0
mp-867274,218.0
mp-2831,162.0
mp-20935,160.0
mp-867156,172.0
mp-7632,241.0
mp-8150,36.0
mp-865928,202.0
mp-861629,112.0
mp-20983,154.0
mp-1682,118.0
mp-22232,23.0
mp-862600,216.0
mp-571440,14.0
mp-864883,112.0
mp-4475,47.0
mp-4756,40.0
mp-10894,184.0
mp-20905,194.0
mp-650,146.0
mp-866062,224.0
mp-862546,111.0
mp-4864,40.0
mp-7926,23.0
mp-28049,15.0
mp-7066,124.0
mp-21850,140.0
mp-29481,15.0
mp-862710,101.0
mp-21471,68.0
mp-550908,156.0
mp-12623,53.0
mp-23202,12.0
mp-30091,209.0
mp-6304,144.0
mp-3700,78.0
mp-760439,211.0
mp-10183,81.0
mp-15649,152.0
mp-865131,202.0
mp-7804,255.0
mp-4474,74.0
mp-10469,215.0
mp-19420,127.0
mp-567749,166.0
mp-1474,187.0
mp-2260,201.0
mp-15322,112.0
mp-2682,104.0
mp-11808,152.0
mp-559598,86.0
mp-30726,59.0
mp-22151,65.0
mp-27757,138.0
mp-4343,54.0
mp-11957,77.0
mp-1014168,17.0
mp-17518,68.0
mp-1009083,57.0
mp-1001019,57.0
mp-9743,63.0
mp-864765,45.0
mp-23406,8.0
mp-28614,155.0
mp-4175,64.0
mp-22811,53.0
mp-862723,210.0
mp-19784,228.0
mp-8306,33.0
mp-8446,22.0
mp-15777,28.0
mp-850275,11.0
mp-862264,105.0
mp-8255,15.0
mp-862257,90.0
mp-865803,193.0
mp-30722,64.0
mp-862297,148.0
mp-23736,40.0
mp-1014252,150.0
mp-3721,159.0
mp-862706,205.0
mp-8630,140.0
mp-22565,154.0
mp-570074,190.0
mp-776083,26.0
mp-865966,238.0
mp-4992,209.0
mp-22027,80.0
mp-9225,149.0
mp-10911,112.0
mp-6613,138.0
mp-30151,29.0
mp-7090,27.0
mp-12961,93.0
mp-12595,266.0
mp-557233,45.0
mp-23179,34.0
mp-29666,14.0
mp-9325,53.0
mp-7906,38.0
mp-11273,155.0
mp-30062,8.0
mp-10125,160.0
mp-638729,9.0
mp-6959,20.0
mp-554107,46.0
mp-541487,24.0
mp-8608,52.0
mp-867769,148.0
mp-8689,55.0
mp-4573,30.0
mp-8401,64.0
mp-3138,18.0
mp-11176,132.0
mp-10219,124.0
mp-774736,43.0
mp-30438,183.0
mp-15987,148.0
mp-560553,4.0
mp-4247,30.0
mp-9166,96.0
mp-15724,20.0
mp-643718,35.0
mp-867270,207.0
mp-3970,27.0
mp-865809,212.0
mp-865912,100.0
mp-16266,55.0
mp-4593,215.0
mp-866094,133.0
mp-862655,309.0
mp-8732,40.0
mp-862261,109.0
mp-570677,30.0
mp-30774,114.0
mp-4091,273.0
mp-11465,43.0
mp-865504,84.0
mp-2271,124.0
mp-16719,95.0
mp-22227,146.0
mp-10969,86.0
mp-8578,97.0
mp-862338,118.0
mp-20563,69.0
mp-867927,223.0
mp-867110,140.0
mp-11270,163.0
mp-867748,171.0
mp-2894,90.0
mp-19722,66.0
mp-10873,114.0
mp-12137,70.0
mp-867242,78.0
mp-27882,8.0
mp-7557,162.0
mp-30312,97.0
mp-27768,339.0
mp-14797,25.0
mp-23231,40.0
mp-865234,226.0
mp-15776,37.0
mp-643257,14.0
mp-1734,61.0
mp-19405,126.0
mp-864672,241.0
mp-1578,217.0
mp-697030,75.0
mp-11282,218.0
mp-14983,120.0
mp-19734,20.0
mp-7482,51.0
mp-17524,15.0
mp-637614,53.0
mp-22648,68.0
mp-10457,169.0
mp-570684,265.0
mp-553243,66.0
mp-5529,233.0
mp-3587,149.0
mp-2252,191.0
mp-15780,198.0
mp-865497,291.0
mp-20180,242.0
mp-865678,192.0
mp-867779,232.0
mp-4124,69.0
mp-2354,119.0
mp-11275,242.0
mp-3657,201.0
mp-861672,191.0
mp-7849,24.0
mp-601285,158.0
mp-28084,12.0
mp-21855,36.0
mp-864932,91.0
mp-862370,129.0
mp-31011,106.0
mp-866160,98.0
mp-21521,35.0
mp-30661,131.0
mp-865793,85.0
mp-4563,146.0
mp-865506,278.0
mp-865869,171.0
mp-552934,41.0
mp-610972,127.0
mp-8418,193.0
mp-582360,200.0
mp-20557,112.0
mp-7823,84.0
mp-12561,134.0
mp-989512,22.0
mp-553946,134.0
mp-754134,204.0
mp-3299,92.0
mp-22636,199.0
mp-4182,77.0
mp-976334,36.0
mp-22444,219.0
mp-23797,19.0
mp-34467,45.0
mp-672254,57.0
mp-12952,131.0
mp-864650,272.0
mp-6606,171.0
mp-571499,274.0
mp-20354,80.0
mp-865876,227.0
mp-11806,88.0
mp-13948,20.0
mp-864640,237.0
mp-569628,53.0
mp-20337,119.0
mp-10208,189.0
mp-9146,77.0
mp-8973,185.0
mp-11560,202.0
mp-755478,101.0
mp-5549,67.0
mp-16905,29.0
mp-4678,142.0
mp-5318,114.0
mp-505540,178.0
mp-776205,173.0
mp-979435,46.0
mp-866173,108.0
mp-30485,22.0
mp-7429,44.0
mp-20618,140.0
mp-9942,61.0
mp-30493,155.0
mp-2695,129.0
mp-8842,66.0
mp-1252,119.0
mp-8487,82.0
mp-30477,33.0
mp-10266,213.0
mp-3390,117.0
mp-15316,55.0
mp-11388,217.0
mp-865898,190.0
mp-865665,273.0
mp-4238,159.0
mp-31171,102.0
mp-30981,28.0
mp-568560,18.0
mp-15722,308.0
mp-4876,14.0
mp-753798,43.0
mp-3216,132.0
mp-9957,180.0
mp-265,325.0
mp-1890,311.0
mp-19210,179.0
mp-9956,189.0
mp-10671,41.0
mp-865717,236.0
mp-10669,33.0
mp-676828,75.0
mp-31160,46.0
mp-864919,163.0
mp-27747,4.0
mp-571039,62.0
mp-867761,132.0
mp-13314,34.0
mp-10284,119.0
mp-568402,90.0
mp-29175,59.0
mp-22950,15.0
mp-865681,243.0
mp-6353,167.0
mp-30028,174.0
mp-4079,102.0
mp-569662,23.0
mp-29374,21.0
mp-7908,29.0
mp-7601,163.0
mp-865444,91.0
mp-23137,115.0
mp-12972,119.0
mp-540925,16.0
mp-864940,119.0
mp-862365,138.0
mp-864966,245.0
mp-1135,200.0
mp-867350,30.0
mp-568992,187.0
mp-973966,29.0
mp-10003,191.0
mp-20586,213.0
mp-12678,243.0
mp-2348,119.0
mp-29898,18.0
mp-30737,58.0
mp-10322,104.0
mp-571555,9.0
mp-4056,144.0
mp-20793,19.0
mp-16755,19.0
mp-5387,132.0
mp-862712,143.0
mp-867253,114.0
mp-613327,319.0
mp-14796,26.0
mp-7086,16.0
mp-866169,23.0
mp-7080,79.0
mp-16297,102.0
mp-11283,126.0
mp-11917,185.0
mp-4673,155.0
mp-7443,76.0
mp-30460,77.0
mp-867821,217.0
mp-867846,263.0
mp-867828,231.0
mp-7251,134.0
mp-867243,121.0
mp-567276,201.0
mp-731,43.0
mp-4492,219.0
mp-7559,156.0
mp-570835,51.0
mp-9177,86.0
mp-839,186.0
mp-7377,31.0
mp-22418,94.0
mp-8409,80.0
mp-16497,108.0
mp-22870,13.0
mp-4081,31.0
mp-862609,233.0
mp-10161,24.0
mp-861912,229.0
mp-29623,32.0
mp-35397,66.0
mp-754165,179.0
mp-10259,177.0
mp-542435,93.0
mp-10676,102.0
mp-644264,61.0
mp-676058,70.0
mp-8458,69.0
mp-18919,153.0
mp-3779,13.0
mp-10670,47.0
mp-558838,41.0
mp-19928,96.0
mp-34169,30.0
mp-8439,39.0
mp-641923,8.0
mp-29057,13.0
mp-19929,104.0
mp-20320,20.0
mp-7929,32.0
mp-866162,63.0
mp-21264,359.0
mp-16363,131.0
mp-644278,95.0
mp-4628,85.0
mp-3201,67.0
mp-2395,89.0
mp-865840,226.0
mp-2449,249.0
mp-28024,126.0
mp-866143,204.0
mp-865842,231.0
mp-14763,88.0
mp-7400,36.0
mp-19968,48.0
mp-11366,122.0
mp-11350,85.0
mp-6812,54.0
mp-945,213.0
mp-31153,90.0
mp-864684,191.0
mp-1014227,149.0
mp-2677,155.0
mp-31456,147.0
mp-8188,98.0
mp-2752,184.0
mp-549720,13.0
mp-12951,125.0
mp-8818,80.0
mp-556424,65.0
mp-19167,25.0
mp-567769,108.0
mp-864639,244.0
mp-556417,14.0
mp-5518,50.0
mp-643243,11.0
mp-9570,57.0
mp-867897,205.0
mp-23121,66.0
mp-3701,126.0
mp-5590,60.0
mp-5407,178.0
mp-22313,70.0
mp-865231,40.0
mp-1545,204.0
mp-11277,108.0
mp-568137,21.0
mp-19963,181.0
mp-573119,174.0
mp-1120,288.0
mp-862631,31.0
mp-5478,141.0
mp-559200,63.0
mp-4276,106.0
mp-865495,237.0
mp-569989,228.0
mp-643101,14.0
mp-38394,21.0
mp-10180,66.0
mp-17695,72.0
mp-27891,44.0
mp-11537,231.0
mp-556562,16.0
mp-7573,335.0
mp-8994,23.0
mp-864920,117.0
mp-31168,49.0
mp-625094,57.0
mp-9744,59.0
mp-27660,41.0
mp-30365,148.0
mp-754671,115.0
mp-5910,52.0
mp-16764,27.0
mp-7486,60.0
mp-3849,26.0
mp-23034,31.0
mp-38194,142.0
mp-542903,113.0
mp-11169,99.0
mp-571343,41.0
mp-867794,125.0
mp-570689,72.0
mp-443,67.0
mp-30410,127.0
mp-3006,7.0
mp-22304,23.0
mp-12723,47.0
mp-867842,148.0
mp-8414,14.0
mp-7909,26.0
mp-5176,136.0
mp-22759,335.0
mp-19247,148.0
mp-20395,183.0
mp-21236,80.0
mp-10057,289.0
mp-866161,251.0
mp-865533,239.0
mp-865010,196.0
mp-5920,61.0
mp-581733,120.0
mp-22980,25.0
mp-675464,131.0
mp-862657,116.0
mp-30461,84.0
mp-29641,21.0
mp-862778,236.0
mp-4076,141.0
mp-510346,27.0
mp-862664,82.0
mp-2313,40.0
mp-569886,40.0
mp-13572,173.0
mp-10010,175.0
mp-4370,81.0
mp-865664,285.0
mp-21907,153.0
mp-569807,16.0
mp-754326,56.0
mp-19917,35.0
mp-22463,152.0
mp-19765,20.0
mp-865485,265.0
mp-15236,32.0
mp-28376,28.0
mp-10244,145.0
mp-213,58.0
mp-865587,89.0
mp-567462,178.0
mp-3274,157.0
mp-11873,136.0
mp-23056,43.0
mp-865523,183.0
mp-8456,72.0
mp-570670,212.0
mp-7798,147.0
mp-510076,14.0
mp-29088,50.0
mp-864598,46.0
mp-31438,80.0
mp-861616,99.0
mp-864927,218.0
mp-7917,112.0
mp-558518,30.0
mp-567982,103.0
mp-7433,41.0
mp-18468,219.0
mp-862316,165.0
mp-865026,239.0
mp-2728,267.0
mp-570256,14.0
mp-643945,186.0
mp-9919,47.0
mp-864985,224.0
mp-12716,96.0
mp-568346,38.0
mp-22580,152.0
mp-569249,203.0
mp-10198,158.0
mp-10076,160.0
mp-29011,74.0
mp-13911,59.0
mp-16271,38.0
mp-865032,175.0
mp-864950,231.0
mp-12622,64.0
mp-12558,47.0
mp-9987,224.0
mp-22503,153.0
mp-9566,39.0
mp-864631,175.0
mp-11621,102.0
mp-10527,84.0
mp-865805,200.0
mp-20533,52.0
mp-10155,193.0
mp-7575,116.0
mp-3887,99.0
mp-30441,140.0
mp-19845,171.0
mp-19789,306.0
mp-861961,193.0
mp-7936,83.0
mp-13416,101.0
mp-8132,22.0
mp-16565,52.0
mp-977463,133.0
mp-31502,53.0
mp-9999,296.0
mp-605034,16.0
mp-10300,198.0
mp-20098,85.0
mp-862702,78.0
mp-865147,184.0
mp-22701,139.0
mp-20175,82.0
mp-568747,40.0
mp-28895,88.0
mp-3637,131.0
mp-2323,142.0
mp-4472,317.0
mp-3078,59.0
mp-867187,176.0
mp-755378,90.0
mp-12565,129.0
mp-22956,13.0
mp-13944,104.0
mp-999198,309.0
mp-754515,33.0
mp-9884,18.0
mp-753197,181.0
mp-20860,209.0
mp-11287,38.0
mp-22258,189.0
mp-568974,61.0
mp-862362,141.0
mp-866033,185.0
mp-29026,288.0
mp-13983,36.0
mp-999068,119.0
mp-11770,72.0
mp-864978,73.0
mp-984718,131.0
mp-12571,148.0
mp-4150,35.0
mp-3534,23.0
mp-571216,46.0
mp-16246,71.0
mp-12666,124.0
mp-12532,37.0
mp-11256,103.0
mp-11252,124.0
mp-16613,172.0
mp-9951,180.0
mp-19728,124.0
mp-5414,23.0
mp-996995,86.0
mp-715,246.0
mp-10616,34.0
mp-8126,90.0
mp-867699,25.0
mp-20492,148.0
mp-864798,213.0
mp-30842,169.0
mp-2553,128.0
mp-861918,64.0
mp-7910,26.0
mp-10848,103.0
mp-27606,110.0
mp-20401,135.0
mp-11573,207.0
mp-30866,283.0
mp-11572,255.0
mp-1008527,324.0
mp-865229,216.0
mp-21248,244.0
mp-862366,72.0
mp-6326,113.0
mp-10455,84.0
mp-7921,32.0
mp-3522,68.0
mp-866071,229.0
mp-6962,64.0
mp-571622,133.0
mp-31147,44.0
mp-10055,303.0
mp-12665,113.0
mp-9251,22.0
mp-865652,207.0
mp-571443,36.0
mp-867802,126.0
mp-12725,190.0
mp-28319,4.0
mp-7885,76.0
mp-600125,123.0
mp-22079,156.0
mp-865525,61.0
mp-22315,140.0
mp-10847,90.0
mp-10918,31.0
mp-12520,72.0
mp-1014257,146.0
mp-19983,103.0
mp-12083,307.0
mp-10435,77.0
mp-5048,27.0
mp-4385,91.0
mp-675078,42.0
mp-801,292.0
mp-4656,123.0
mp-557938,75.0
mp-7928,36.0
mp-4590,162.0
mp-570377,39.0
mp-21023,158.0
mp-865020,185.0
mp-31326,40.0
mp-505215,67.0
mp-6179,35.0
mp-31339,118.0
mp-11947,69.0
mp-13801,168.0
mp-861910,66.0
mp-4586,26.0
mp-568866,16.0
mp-13160,76.0
mp-1475,141.0
mp-20202,74.0
mp-568436,61.0
mp-21851,162.0
mp-865810,263.0
mp-15703,316.0
mp-30847,137.0
mp-541937,32.0
mp-571638,12.0
mp-5794,169.0
mp-8995,20.0
mp-862703,93.0
mp-9023,113.0
mp-28872,15.0
mp-2123,173.0
mp-31297,109.0
mp-21508,82.0
mp-3081,214.0
mp-865925,158.0
mp-11879,56.0
mp-10200,138.0
mp-554212,54.0
mp-14091,52.0
mp-9025,93.0
mp-11826,113.0
mp-559264,38.0
mp-5475,136.0
mp-865520,98.0
mp-22535,167.0
mp-3871,135.0
mp-7232,20.0
mp-3363,102.0
mp-569875,194.0
mp-3032,17.0
mp-863744,53.0
mp-13548,12.0
mp-1156,45.0
mp-7979,24.0
mp-29748,25.0
mp-29403,5.0
mp-28364,36.0
mp-867194,48.0
mp-27848,24.0
mp-866159,147.0
mp-11512,135.0
mp-16043,173.0
mp-754363,110.0
mp-864990,236.0
mp-865092,124.0
mp-867146,195.0
mp-7829,209.0
mp-31496,47.0
mp-19877,144.0
mp-15778,86.0
mp-4828,152.0
mp-20805,65.0
mp-22566,47.0
mp-22302,177.0
mp-10271,217.0
mp-1008610,172.0
mp-17287,18.0
mp-11541,209.0
mp-10846,101.0
mp-8969,130.0
mp-417,182.0
mp-9961,112.0
mp-20146,133.0
mp-8281,44.0
mp-862321,104.0
mp-20698,54.0
mp-13947,22.0
mp-30836,214.0
mp-2114,160.0
mp-30871,179.0
mp-27743,15.0
mp-7916,135.0
mp-1260,108.0
mp-644229,41.0
mp-3862,57.0
mp-864916,190.0
mp-11547,83.0
mp-569344,186.0
mp-12631,176.0
mp-31348,65.0
mp-505368,41.0
mp-570198,48.0
mp-9958,153.0
mp-17481,149.0
mp-867909,139.0
mp-862586,297.0
mp-17862,65.0
mp-2006,237.0
mp-22396,191.0
mp-867896,102.0
mp-4488,78.0
mp-5928,39.0
mp-7771,46.0
mp-30780,36.0
mp-31469,118.0
mp-5166,87.0
mp-11695,20.0
mp-862725,223.0
mp-29076,224.0
mp-640024,144.0
mp-4822,132.0
mp-9514,134.0
mp-2455,166.0
mp-866152,193.0
mp-22179,89.0
mp-21469,175.0
mp-30807,165.0
mp-5078,61.0
mp-558747,10.0
mp-7350,68.0
mp-862372,140.0
mp-865807,210.0
mp-9960,75.0
mp-557257,68.0
mp-20708,72.0
mp-5251,67.0
mp-560023,31.0
mp-864976,100.0
mp-7770,54.0
mp-754311,18.0
mp-11269,55.0
mp-10059,244.0
mp-4627,139.0
mp-644225,45.0
mp-22546,195.0
mp-4551,34.0
mp-11300,73.0
mp-30227,10.0
mp-30472,50.0
mp-20033,155.0
mp-569250,273.0
mp-5149,192.0
mp-8861,40.0
mp-864930,193.0
mp-504543,116.0
mp-603,129.0
mp-866171,84.0
mp-865531,157.0
mp-21249,89.0
mp-867689,25.0
mp-22052,66.0
mp-20695,97.0
mp-13079,158.0
mp-9986,22.0
mp-11237,82.0
mp-18198,119.0
mp-30363,45.0
mp-11557,226.0
mp-753722,42.0
mp-7089,23.0
mp-451,158.0
mp-999133,204.0
mp-10445,68.0
mp-21029,59.0
mp-639910,120.0
mp-31081,103.0
mp-36800,244.0
mp-4962,113.0
mp-865591,171.0
mp-20310,30.0
mp-5881,116.0
mp-12411,48.0
mp-8621,28.0
mp-867120,201.0
mp-22260,110.0
mp-978290,85.0
mp-16481,128.0
mp-18778,92.0
mp-1677,199.0
mp-13903,23.0
mp-861666,227.0
mp-29809,77.0
mp-867874,238.0
mp-1129,166.0
mp-865669,229.0
mp-865486,228.0
mp-1606,175.0
mp-865872,124.0
mp-568880,102.0
mp-22156,130.0
mp-557668,25.0
mp-862705,221.0
mp-20257,88.0
mp-568598,18.0
mp-19809,161.0
mp-11278,187.0
mp-865496,320.0
mp-865948,215.0
mp-11977,61.0
mp-10046,203.0
mp-8017,52.0
mp-756490,44.0
mp-867922,163.0
mp-3159,33.0
mp-8547,35.0
mp-15819,117.0
mp-819,191.0
mp-22739,51.0
mp-19387,118.0
mp-864654,156.0
mp-22903,10.0
mp-12954,114.0
mp-1782,81.0
mp-557686,72.0
mp-21164,68.0
mp-27865,31.0
mp-10374,267.0
mp-7173,110.0
mp-570452,116.0
mp-861901,84.0
mp-37091,23.0
mp-28835,16.0
mp-28339,95.0
mp-16566,53.0
mp-22725,120.0
mp-21024,49.0
mp-7650,95.0
mp-11038,105.0
mp-867281,283.0
mp-867280,240.0
mp-2540,254.0
mp-12585,230.0
mp-21894,69.0
mp-865795,88.0
mp-861610,253.0
mp-27839,12.0
mp-29152,154.0
mp-15657,185.0
mp-862555,50.0
mp-867850,151.0
mp-756638,214.0
mp-866291,28.0
mp-978534,74.0
mp-865930,129.0
mp-862258,107.0
mp-27850,29.0
mp-867924,90.0
mp-10154,132.0
mp-865935,33.0
mp-966800,58.0
mp-779517,136.0
mp-29750,11.0
mp-1082,320.0
mp-2781,114.0
mp-760375,13.0
mp-9262,15.0
mp-643009,38.0
mp-605028,34.0
mp-29154,166.0
mp-21027,67.0
mp-8237,55.0
mp-1361,106.0
mp-7930,138.0
mp-5486,93.0
mp-7863,24.0
mp-754850,52.0
mp-555718,64.0
mp-568809,29.0
mp-9272,29.0
mp-29752,196.0
mp-867133,106.0
mp-3033,69.0
mp-1400,223.0
mp-989560,19.0
mp-510347,32.0
mp-867786,226.0
mp-30745,351.0
mp-13272,44.0
mp-754826,63.0
mp-703260,67.0
mp-10343,138.0
mp-13570,70.0
mp-30835,205.0
mp-8208,189.0
mp-11694,15.0
mp-3917,100.0
mp-862290,143.0
mp-2319,209.0
mp-866121,246.0
mp-864921,178.0
mp-12550,196.0
mp-13137,177.0
mp-977580,65.0
mp-19713,63.0
mp-29157,123.0
mp-862604,326.0
mp-11959,66.0
mp-24289,174.0
mp-38605,18.0
mp-505822,191.0
mp-5671,85.0
mp-7604,109.0
mp-4364,194.0
mp-580886,22.0
mp-21301,118.0
mp-28610,12.0
mp-12480,149.0
mp-14433,135.0
mp-1235,228.0
mp-23425,8.0
mp-20325,145.0
mp-8927,203.0
mp-22434,213.0
mp-16254,57.0
mp-2142,129.0
mp-952,272.0
mp-10908,220.0
mp-30423,126.0
mp-22467,46.0
mp-761842,181.0
mp-556609,11.0
mp-21199,83.0
mp-771123,171.0
mp-8603,24.0
mp-16548,85.0
mp-27438,29.0
mp-5213,57.0
mp-22268,208.0
mp-30366,26.0
mp-865471,229.0
mp-865472,257.0
mp-345,175.0
mp-579496,214.0
mp-30820,80.0
mp-29615,33.0
mp-644389,46.0
mp-510311,30.0
mp-510409,177.0
mp-14092,42.0
mp-20424,198.0
mp-32679,227.0
mp-623134,117.0
mp-6459,89.0
mp-27198,24.0
mp-569331,62.0
mp-22637,179.0
mp-13070,86.0
mp-4500,174.0
mp-28897,236.0
mp-28896,191.0
mp-13071,80.0
mp-20661,118.0
mp-22962,15.0
mp-865432,106.0
mp-22522,147.0
mp-5104,68.0
mp-862750,56.0
mp-865125,154.0
mp-9473,75.0
mp-3886,124.0
mp-865152,123.0
mp-22426,132.0
mp-15605,139.0
mp-27927,172.0
mp-549,65.0
mp-3469,145.0
mp-4613,127.0
mp-3464,237.0
mp-19946,81.0
mp-19940,140.0
mp-22934,12.0
mp-754711,145.0
mp-504600,19.0
mp-865501,255.0
mp-29556,15.0
mp-31185,196.0
mp-15685,30.0
mp-9472,65.0
mp-21845,174.0
mp-3155,178.0
mp-10139,83.0
mp-568827,144.0
mp-3158,81.0
mp-675626,62.0
mp-20730,164.0
mp-7421,31.0
mp-5190,52.0
mp-1444,34.0
mp-8628,49.0
mp-2318,219.0
mp-10919,37.0
mp-1078,40.0
mp-8192,22.0
mp-9801,181.0
mp-505825,33.0
mp-16337,24.0
mp-21418,108.0
mp-567681,13.0
mp-4901,62.0
mp-861640,172.0
mp-861645,26.0
mp-861641,196.0
mp-9586,71.0
mp-292,194.0
mp-9061,68.0
mp-570930,15.0
mp-3595,66.0
mp-7142,384.0
mp-27138,9.0
mp-4064,114.0
mp-27828,9.0
mp-12630,59.0
mp-27834,11.0
mp-867216,236.0
mp-673624,77.0
mp-22040,102.0
mp-865600,111.0
mp-1590,126.0
mp-9768,55.0
mp-999096,105.0
mp-31455,164.0
mp-13453,162.0
mp-571420,100.0
mp-997009,72.0
mp-997006,123.0
mp-21313,208.0
mp-11520,94.0
mp-864630,41.0
mp-568695,42.0
mp-865522,88.0
mp-865515,59.0
mp-865507,253.0
mp-12564,55.0
mp-1012551,29.0
mp-11288,30.0
mp-28283,16.0
mp-28282,17.0
mp-35785,62.0
mp-862694,208.0
mp-6963,63.0
mp-567345,218.0
mp-5676,110.0
mp-23475,10.0
mp-873,178.0
mp-20458,55.0
mp-9289,82.0
mp-863709,324.0
mp-23021,12.0
mp-776150,132.0
mp-12385,134.0
mp-21883,225.0
mp-10381,17.0
mp-32311,15.0
mp-29209,32.0
mp-10601,79.0
mp-22050,72.0
mp-27693,190.0
mp-5915,21.0
mp-27691,10.0
mp-28630,47.0
mp-675477,31.0
mp-33997,183.0
mp-10456,192.0
mp-8219,129.0
mp-2560,117.0
mp-865138,196.0
mp-865130,174.0
mp-8212,192.0
mp-975106,59.0
mp-19146,33.0
mp-20744,139.0
mp-13472,190.0
mp-7430,39.0
mp-22191,197.0
mp-9350,100.0
mp-7436,29.0
mp-865465,200.0
mp-867916,191.0
mp-514,113.0
mp-1664,197.0
mp-866154,241.0
mp-606393,8.0
mp-4230,97.0
mp-3521,26.0
mp-561511,143.0
mp-567220,124.0
mp-23251,22.0
mp-9075,85.0
mp-13590,30.0
mp-11444,93.0
mp-570436,163.0
mp-760492,55.0
mp-10149,50.0
mp-11193,106.0
mp-8830,116.0
mp-27827,11.0
mp-4316,54.0
mp-4744,83.0
mp-30758,31.0
mp-30395,100.0
mp-9307,53.0
mp-1648,96.0
mp-864954,246.0
mp-30587,97.0
mp-30563,138.0
mp-20987,64.0
mp-10877,93.0
mp-865625,23.0
mp-4953,52.0
mp-23067,12.0
mp-2667,10.0
mp-22898,10.0
mp-8982,60.0
mp-8983,102.0
mp-9391,18.0
mp-11073,122.0
mp-27207,22.0
mp-22490,127.0
mp-30725,64.0
mp-28163,24.0
mp-30494,61.0
mp-1185,251.0
mp-866115,198.0
mp-30595,177.0
mp-30593,143.0
mp-866224,208.0
mp-3250,41.0
mp-865187,155.0
mp-865165,130.0
mp-16495,239.0
mp-11549,190.0
mp-754588,123.0
mp-2760,239.0
mp-12109,251.0
mp-554451,52.0
mp-13313,41.0
mp-11293,115.0
mp-4452,36.0
mp-866073,149.0
mp-864597,34.0
mp-864734,145.0
mp-291,248.0
mp-864607,136.0
mp-864601,67.0
mp-567244,34.0
mp-568912,133.0
mp-5606,59.0
mp-8211,14.0
mp-34293,46.0
mp-766486,44.0
mp-570769,87.0
mp-7130,234.0
mp-30533,32.0
mp-571419,183.0
mp-9989,206.0
mp-753315,156.0
mp-3933,150.0
mp-11958,60.0
mp-567636,160.0
mp-690544,173.0
mp-21489,37.0
mp-13312,50.0
mp-4662,104.0
mp-864944,168.0
mp-29208,35.0
mp-864969,107.0
mp-864957,205.0
mp-5129,145.0
mp-1020,260.0
mp-13311,47.0
mp-625150,78.0
mp-865186,186.0
mp-1232,266.0
mp-27255,25.0
mp-862324,110.0
mp-772099,124.0
mp-8622,28.0
mp-1919,179.0
mp-9550,118.0
mp-24409,13.0
mp-22284,62.0
mp-13583,122.0
mp-1211,67.0
mp-19821,202.0
mp-20004,119.0
mp-862378,119.0
mp-20315,127.0
mp-4883,90.0
mp-2968,34.0
mp-5918,167.0
mp-865050,156.0
mp-865043,109.0
mp-865030,178.0
mp-11445,95.0
mp-540839,10.0
mp-29646,115.0
mp-38818,269.0
mp-12699,51.0
mp-23038,11.0
mp-19953,129.0
mp-669692,196.0
mp-862423,122.0
mp-862379,109.0
mp-675460,36.0
mp-910,300.0
mp-862367,124.0
mp-10133,79.0
mp-1008866,59.0
mp-15845,52.0
mp-756683,129.0
mp-977011,10.0
mp-20740,25.0
mp-9687,21.0
mp-3732,180.0
mp-2730,36.0
mp-867700,38.0
mp-761285,139.0
mp-672299,86.0
mp-30019,39.0
mp-501,23.0
mp-11272,165.0
mp-774712,54.0
mp-861658,114.0
mp-867881,142.0
mp-505206,21.0
mp-567197,78.0
mp-2444,180.0
mp-21297,68.0
mp-20800,83.0
mp-568469,90.0
mp-776165,126.0
mp-3582,158.0
mp-643367,22.0
mp-643273,108.0
mp-21316,259.0
mp-754478,205.0
mp-21467,168.0
mp-5350,44.0
mp-997010,88.0
mp-567666,25.0
mp-865560,63.0
mp-865569,212.0
mp-570578,72.0
mp-5597,89.0
mp-23141,63.0
mp-7032,208.0
mp-607475,89.0
mp-867144,40.0
mp-996161,203.0
mp-31459,163.0
mp-571594,15.0
mp-11263,118.0
mp-11261,86.0
mp-7707,171.0
mp-8402,65.0
mp-20268,150.0
mp-3277,46.0
mp-505824,29.0
mp-4366,52.0
mp-31220,15.0
mp-761293,153.0
mp-21124,53.0
mp-20551,180.0
mp-5436,202.0
mp-11286,35.0
mp-20147,175.0
mp-3207,72.0
mp-24237,97.0
mp-4604,83.0
mp-559276,78.0
mp-865123,132.0
mp-505803,110.0
mp-553991,151.0
mp-8279,51.0
mp-864896,164.0
mp-7892,218.0
mp-864951,258.0
mp-4478,84.0
mp-865494,243.0
mp-865548,159.0
mp-10240,152.0
mp-22489,155.0
mp-866080,55.0
mp-866081,104.0
mp-866082,90.0
mp-866088,170.0
mp-556194,44.0
mp-7361,74.0
mp-8308,103.0
mp-8311,105.0
mp-615314,201.0
mp-571636,10.0
mp-31169,97.0
mp-14115,121.0
mp-29754,54.0
mp-4192,60.0
mp-571428,192.0
mp-27577,35.0
mp-30744,334.0
mp-16334,187.0
mp-16336,165.0
mp-13520,23.0
mp-27831,9.0
mp-568280,64.0
mp-542136,38.0
mp-1014251,185.0
mp-863690,181.0
mp-570213,31.0
mp-21104,113.0
mp-28174,4.0
mp-8996,180.0
mp-12798,206.0
mp-2598,107.0
mp-18167,29.0
mp-1016108,154.0
mp-7070,173.0
mp-7939,61.0
mp-2857,200.0
mp-570963,243.0
mp-753508,37.0
mp-862424,118.0
mp-567842,137.0
mp-754157,184.0
mp-865586,239.0
mp-865499,278.0
mp-9888,84.0
mp-3751,70.0
mp-4448,80.0
mp-862589,324.0
mp-570485,52.0
mp-37501,47.0
mp-866139,191.0
mp-974625,351.0
mp-12527,21.0
mp-5618,104.0
mp-16421,91.0
mp-753826,62.0
mp-8703,20.0
mp-11460,192.0
mp-697126,78.0
mp-12696,70.0
mp-29659,51.0
mp-10289,135.0
mp-864807,151.0
mp-9988,193.0
mp-14815,20.0
mp-9985,239.0
mp-3038,32.0
mp-10063,36.0
mp-540912,130.0
mp-10140,74.0
mp-11533,167.0
mp-11582,35.0
mp-4009,40.0
mp-3791,136.0
mp-29520,7.0
mp-31451,117.0
mp-12697,113.0
mp-23485,11.0
mp-8605,60.0
mp-864651,225.0
mp-20566,40.0
mp-862334,152.0
mp-23486,18.0
mp-3103,216.0
mp-643002,78.0
mp-570698,180.0
mp-30404,53.0
mp-30405,58.0
mp-1526,104.0
mp-861978,216.0
mp-550306,61.0
mp-9549,101.0
mp-9548,20.0
mp-15053,154.0
mp-8182,116.0
mp-22875,28.0
mp-9382,150.0
mp-1472,238.0
mp-21347,305.0
mp-8093,14.0
mp-7914,104.0
mp-620571,61.0
mp-561317,41.0
mp-19817,77.0
mp-867266,38.0
mp-1994,251.0
mp-1239,99.0
mp-998527,122.0
mp-21090,131.0
mp-754358,58.0
mp-864877,188.0
mp-14790,23.0
mp-618309,121.0
mp-569511,120.0
mp-568920,99.0
mp-555576,23.0
mp-643370,38.0
mp-20007,144.0
mp-33683,58.0
mp-11471,76.0
mp-10440,204.0
mp-861656,190.0
mp-10991,89.0
mp-21503,54.0
mp-15805,195.0
mp-31458,141.0
mp-31457,136.0
mp-5778,218.0
mp-862376,112.0
mp-867327,194.0
mp-862363,126.0
mp-862336,136.0
mp-4852,87.0
mp-862369,157.0
mp-862375,111.0
mp-867148,152.0
mp-5342,61.0
mp-22958,15.0
mp-20757,114.0
mp-22922,43.0
mp-4536,128.0
mp-9690,58.0
mp-568961,77.0
mp-865179,196.0
mp-399,49.0
mp-6669,75.0
mp-31080,88.0
mp-570632,58.0
mp-4763,85.0
mp-2676,168.0
mp-2028,159.0
mp-7191,61.0
mp-559092,91.0
mp-31277,72.0
mp-22722,195.0
mp-11984,54.0
mp-20724,35.0
mp-866001,235.0
mp-780260,28.0
mp-865051,22.0
mp-4955,192.0
mp-865650,206.0
mp-8221,187.0
mp-5292,104.0
mp-2385,242.0
mp-569779,97.0
mp-13452,166.0
mp-866037,200.0
mp-18848,179.0
mp-19906,132.0
mp-862337,75.0
mp-1786,139.0
mp-7544,191.0
mp-22400,54.0
mp-752685,97.0
mp-1014244,177.0
mp-560530,117.0
mp-4368,84.0
mp-29889,14.0
mp-862543,108.0
mp-546011,75.0
mp-15687,31.0
mp-867272,88.0
mp-867172,32.0
mp-862445,272.0
mp-5693,60.0
mp-14168,23.0
mp-862679,152.0
mp-639659,172.0
mp-10470,221.0
mp-568587,77.0
mp-30648,42.0
mp-13109,167.0
mp-11113,83.0
mp-20197,180.0
mp-865110,24.0
mp-20581,25.0
mp-7427,51.0
mp-30483,32.0
mp-2083,110.0
mp-865517,126.0
mp-31187,185.0
mp-3839,48.0
mp-20279,44.0
mp-3104,100.0
mp-3618,120.0
mp-20697,135.0
mp-752953,134.0
mp-571264,42.0
mp-12403,11.0
mp-3021,44.0
mp-27393,20.0
mp-5538,108.0
mp-13513,70.0
mp-756297,136.0
mp-8280,45.0
mp-10371,171.0
mp-1008835,359.0
mp-552454,177.0
mp-22626,6.0
mp-866219,202.0
mp-865441,166.0
mp-11285,77.0
mp-13097,39.0
mp-865484,251.0
mp-865091,177.0
mp-23004,13.0
mp-9898,53.0
mp-867319,198.0
mp-11738,27.0
mp-643279,16.0
mp-16733,86.0
mp-12675,116.0
mp-4846,111.0
mp-568711,180.0
mp-865469,188.0
mp-863727,154.0
mp-4259,97.0
mp-255,17.0
mp-752947,54.0
mp-20949,165.0
mp-558579,8.0
mp-865921,189.0
mp-865916,255.0
mp-865914,233.0
mp-7483,51.0
mp-29652,19.0
mp-865989,219.0
mp-1016200,52.0
mp-29476,51.0
mp-862300,125.0
mp-16358,148.0
mp-22346,75.0
mp-568333,8.0
mp-3854,128.0
mp-12759,112.0
mp-23954,27.0
mp-1089,294.0
mp-5479,56.0
mp-8543,23.0
mp-35869,292.0
mp-627380,14.0
mp-7432,37.0
mp-864835,190.0
mp-20012,35.0
mp-620054,4.0
mp-567612,237.0
mp-11313,77.0
mp-865001,201.0
mp-570713,162.0
mp-569484,8.0
mp-11464,41.0
mp-14338,17.0
mp-12537,139.0
mp-16290,190.0
mp-1073,31.0
mp-20479,47.0
mp-8277,53.0
mp-973983,173.0
mp-4730,32.0
mp-9247,57.0
mp-945184,42.0
mp-13082,211.0
mp-10755,114.0
mp-17701,71.0
mp-7431,42.0
mp-16648,64.0
mp-30449,57.0
mp-11486,110.0
mp-864987,168.0
mp-2399,65.0
mp-2398,64.0
mp-23513,12.0
mp-3881,57.0
mp-22493,89.0
mp-865602,55.0
mp-866194,30.0
mp-10694,89.0
mp-8606,58.0
mp-20539,56.0
mp-35777,23.0
mp-15120,16.0
mp-867163,41.0
mp-3736,128.0
mp-18513,36.0
mp-862747,47.0
mp-23562,20.0
mp-571367,190.0
mp-5929,30.0
mp-13495,134.0
mp-12903,41.0
mp-27243,10.0
mp-4908,129.0
mp-5541,156.0
mp-10054,116.0
mp-16718,107.0
mp-649479,36.0
mp-637771,161.0
mp-861639,193.0
mp-22056,79.0
mp-755318,157.0
mp-866165,110.0
mp-865728,192.0
mp-768479,152.0
mp-10113,238.0
mp-7591,62.0
mp-5501,56.0
mp-9615,68.0
mp-8016,63.0
mp-865893,115.0
mp-12593,243.0
mp-13172,92.0
mp-31454,175.0
mp-12360,50.0
mp-27731,149.0
mp-754126,143.0
mp-4899,41.0
mp-864908,199.0
mp-30354,92.0
mp-21035,97.0
mp-865145,27.0
mp-865094,216.0
mp-30555,202.0
mp-8191,20.0
mp-7922,17.0
mp-22993,27.0
mp-570155,273.0
mp-2501,293.0
mp-989635,105.0
mp-867306,129.0
mp-5443,160.0
mp-4893,138.0
mp-865986,38.0
mp-865482,239.0
mp-569788,51.0
mp-546279,22.0
mp-864614,72.0
mp-28952,26.0
mp-2949,90.0
mp-29638,86.0
mp-676518,10.0
mp-19807,97.0
mp-867123,268.0
mp-9718,15.0
mp-20459,63.0
mp-561894,121.0
mp-972228,126.0
mp-14753,83.0
mp-754128,124.0
mp-998234,44.0
mp-13203,84.0
mp-3654,46.0
mp-865926,123.0
mp-865900,110.0
mp-4262,141.0
mp-10700,176.0
mp-22673,107.0
mp-23002,15.0
mp-862311,113.0
mp-16765,27.0
mp-754086,26.0
mp-867168,38.0
mp-697096,23.0
mp-23752,13.0
mp-862312,123.0
mp-864661,146.0
mp-8697,161.0
mp-772856,44.0
mp-9565,39.0
mp-9569,67.0
mp-3385,105.0
mp-867756,100.0
mp-22717,59.0
mp-862684,147.0
mp-861908,231.0
mp-1281,274.0
mp-29674,230.0
mp-13240,113.0
mp-753605,26.0
mp-863659,56.0
mp-997618,99.0
mp-862911,194.0
mp-7907,38.0
mp-755018,106.0
mp-28786,222.0
mp-9964,150.0
mp-19991,48.0
mp-5186,100.0
mp-27360,135.0
mp-636599,201.0
mp-11490,38.0
mp-866132,22.0
mp-866141,229.0
mp-977382,232.0
mp-10667,56.0
mp-861738,36.0
mp-13920,44.0
mp-22253,34.0
mp-865747,72.0
mp-3679,96.0
mp-4008,61.0
mp-8670,86.0
mp-3623,192.0
mp-30805,56.0
mp-13100,246.0
mp-7426,55.0
mp-13463,210.0
mp-8843,68.0
mp-28980,12.0
mp-13962,83.0
mp-17892,94.0
mp-10706,257.0
mp-10712,215.0
mp-3378,157.0
mp-30437,67.0
mp-4661,141.0
mp-21235,187.0
mp-30444,133.0
mp-11696,134.0
mp-861958,153.0
mp-2031,137.0
mp-5372,17.0
mp-31301,62.0
mp-567703,191.0
mp-1831,90.0
mp-865003,216.0
mp-569364,137.0
mp-9571,57.0
mp-998147,39.0
mp-9567,36.0
mp-9579,25.0
mp-21440,196.0
mp-861983,180.0
mp-11697,102.0
mp-11693,48.0
mp-541047,147.0
mp-6969,120.0
mp-867127,79.0
mp-1220,138.0
mp-989399,41.0
mp-30817,104.0
mp-867119,117.0
mp-867117,113.0
mp-30816,68.0
mp-21374,21.0
mp-570845,132.0
mp-30787,268.0
mp-9321,58.0
mp-861875,136.0
mp-865385,236.0
mp-973935,210.0
mp-9295,29.0
mp-29733,66.0
mp-505804,93.0
mp-546125,141.0
mp-862340,85.0
mp-20817,121.0
mp-39105,276.0
mp-3676,100.0
mp-10884,188.0
mp-22967,20.0
mp-865049,127.0
mp-22965,7.0
mp-998344,26.0
mp-862473,112.0
mp-12778,284.0
mp-865044,166.0
mp-16343,43.0
mp-1008556,184.0
mp-1008557,258.0
mp-10245,153.0
mp-1432,150.0
mp-768305,123.0
mp-1932,223.0
mp-20679,206.0
mp-21067,95.0
mp-21017,76.0
mp-4002,58.0
mp-864902,131.0
mp-864910,149.0
mp-864938,36.0
mp-864897,165.0
mp-9665,16.0
mp-866218,190.0
mp-15684,21.0
mp-8804,83.0
mp-865649,204.0
mp-11754,72.0
mp-504908,142.0
mp-865278,262.0
mp-22660,109.0
mp-31059,42.0
mp-567652,19.0
mp-11482,337.0
mp-11481,310.0
mp-866183,166.0
mp-866188,138.0
mp-504741,193.0
mp-11918,112.0
mp-3896,180.0
mp-12814,27.0
mp-1649,180.0
mp-4666,75.0
mp-7434,36.0
mp-1609,276.0
mp-1689,262.0
mp-571163,163.0
mp-9517,121.0
mp-567713,12.0
mp-3503,85.0
mp-541753,12.0
mp-568661,25.0
mp-865093,169.0
mp-866166,102.0
mp-4359,96.0
mp-867107,286.0
mp-31453,153.0
mp-20265,78.0
mp-568424,67.0
mp-675,215.0
mp-20083,111.0
mp-3441,156.0
mp-865655,222.0
mp-15641,47.0
mp-15643,40.0
mp-10270,214.0
mp-861507,194.0
mp-643260,23.0
mp-605860,16.0
mp-4653,175.0
mp-867212,378.0
mp-865878,177.0
mp-11360,106.0
mp-12580,37.0
mp-4798,166.0
mp-4784,146.0
mp-10608,82.0
mp-20133,280.0
mp-1963,220.0
mp-16493,89.0
mp-11022,123.0
mp-31383,112.0
mp-571147,174.0
mp-861979,168.0
mp-865733,288.0
mp-7876,43.0
mp-28945,105.0
mp-4823,46.0
mp-569624,190.0
mp-21371,209.0
mp-11361,63.0
mp-11798,128.0
mp-864898,23.0
mp-20452,32.0
mp-600124,109.0
mp-12635,144.0
mp-6908,55.0
mp-761390,199.0
mp-1438,266.0
mp-18093,226.0
mp-6915,142.0
mp-8577,100.0
mp-15986,133.0
mp-19835,158.0
mp-9954,127.0
mp-1936,176.0
mp-13108,165.0
mp-10739,221.0
mp-16263,49.0
mp-13364,48.0
mp-557862,46.0
mp-866284,235.0
mp-4030,21.0
mp-13434,106.0
mp-768358,152.0
mp-21171,190.0
mp-10797,83.0
mp-21306,181.0
mp-20192,162.0
mp-10895,185.0
mp-22287,224.0
mp-20619,135.0
mp-561442,171.0
mp-23499,12.0
mp-8648,183.0
mp-21336,264.0
mp-864907,119.0
mp-865185,76.0
mp-4720,210.0
mp-833,94.0
mp-10402,25.0
mp-10892,123.0
mp-10891,141.0
mp-16305,175.0
mp-20436,235.0
mp-27562,93.0
mp-30459,89.0
mp-22367,84.0
mp-3161,63.0
mp-865021,223.0
mp-10326,15.0
mp-1009750,141.0
mp-10044,128.0
mp-34903,64.0
mp-11869,122.0
mp-27471,136.0
mp-22792,84.0
mp-752426,39.0
mp-22150,132.0
mp-16740,148.0
mp-549158,122.0
mp-685941,42.0
mp-20001,70.0
mp-864670,247.0
mp-15686,50.0
mp-541449,14.0
mp-3432,104.0
mp-5396,150.0
mp-5782,63.0
mp-20930,121.0
mp-865653,254.0
mp-4909,101.0
mp-21340,177.0
mp-865780,160.0
mp-570428,62.0
mp-867357,284.0
mp-9916,212.0
mp-22790,198.0
mp-31452,104.0
mp-13853,170.0
mp-20832,24.0
mp-867222,48.0
mp-11822,55.0
mp-22152,50.0
mp-17875,71.0
mp-4938,223.0
mp-8459,58.0
mp-5137,113.0
mp-862553,111.0
mp-9383,156.0
mp-9381,114.0
mp-22793,230.0
mp-865011,190.0
mp-4897,124.0
mp-20952,128.0
mp-30834,56.0
mp-30570,252.0
mp-7574,211.0
mp-865603,119.0
mp-864989,259.0
mp-19833,52.0
mp-15803,52.0
mp-10184,89.0
mp-862556,139.0
mp-2930,192.0
mp-2025,131.0
mp-5558,25.0
mp-3821,26.0
mp-7364,93.0
mp-641365,81.0
mp-3827,19.0
mp-864839,159.0
mp-866077,59.0
mp-12359,52.0
mp-19069,127.0
mp-8772,218.0
mp-7204,69.0
mp-23052,19.0
mp-542496,64.0
mp-998201,32.0
mp-12674,117.0
mp-865936,82.0
mp-865931,179.0
mp-865929,137.0
mp-864939,167.0
mp-996990,82.0
mp-864974,176.0
mp-2793,9.0
mp-569125,42.0
mp-266,123.0
mp-903,181.0
mp-12962,113.0
mp-10165,16.0
mp-16356,157.0
mp-416,282.0
mp-567629,18.0
mp-624492,135.0
mp-866155,209.0
mp-30719,45.0
mp-10849,94.0
mp-754779,53.0
mp-8624,23.0
mp-754213,111.0
mp-867263,67.0
mp-557772,25.0
mp-998552,159.0
mp-30147,138.0
mp-10909,255.0
mp-20329,109.0
mp-568803,229.0
mp-865448,211.0
mp-10181,149.0
mp-5498,60.0
mp-569600,47.0
mp-505554,172.0
mp-9814,58.0
mp-18740,85.0
mp-415,339.0
mp-9124,55.0
mp-8978,96.0
mp-16238,47.0
mp-1008506,47.0
mp-22607,27.0
mp-568914,12.0
mp-769365,69.0
mp-9029,87.0
mp-867829,179.0
mp-27512,112.0
mp-11202,59.0
mp-2979,163.0
mp-16528,113.0
mp-864972,88.0
mp-865594,101.0
mp-10924,203.0
mp-580234,200.0
mp-5259,42.0
mp-20841,109.0
mp-29259,52.0
mp-775761,32.0
mp-867125,201.0
mp-30177,120.0
mp-30175,61.0
mp-30773,110.0
mp-866069,128.0
mp-12908,62.0
mp-7940,57.0
mp-510691,112.0
mp-3567,47.0
mp-569267,30.0
mp-864857,185.0
mp-865146,182.0
mp-10666,141.0
mp-865280,212.0
mp-13914,152.0
mp-16260,83.0
mp-30821,119.0
mp-558811,156.0
mp-864983,231.0
mp-864988,194.0
mp-864980,218.0
mp-867249,222.0
mp-754567,71.0
mp-14070,92.0
mp-7692,227.0
mp-21662,180.0
mp-861625,63.0
mp-867233,119.0
mp-861627,150.0
mp-28884,44.0
mp-16483,79.0
mp-610706,15.0
mp-867258,108.0
mp-19238,195.0
mp-3315,166.0
mp-865155,157.0
mp-561419,90.0
mp-862691,181.0
mp-862699,235.0
mp-865768,206.0
mp-866376,195.0
mp-862695,188.0
mp-865786,155.0
mp-867271,192.0
mp-866012,160.0
mp-864840,218.0
mp-7192,73.0
mp-862368,125.0
mp-862371,147.0
mp-5967,142.0
mp-19726,79.0
mp-5090,59.0
mp-10446,73.0
mp-22036,128.0
mp-8145,95.0
mp-865641,99.0
mp-867273,189.0
mp-867275,280.0
mp-644136,47.0
mp-865792,198.0
mp-867771,224.0
mp-31055,104.0
mp-4471,206.0
mp-5042,87.0
mp-867252,86.0
mp-4524,75.0
mp-864903,197.0
mp-864895,194.0
mp-864992,220.0
mp-866114,244.0
mp-862446,239.0
mp-862486,125.0
mp-7438,24.0
mp-19747,55.0
mp-27381,10.0
mp-2263,220.0
mp-21328,102.0
mp-4120,63.0
mp-866213,248.0
mp-4584,21.0
mp-865656,243.0
mp-865433,74.0
mp-862781,231.0
mp-752881,41.0
mp-1321,39.0
mp-867928,161.0
mp-865659,94.0
mp-865537,173.0
mp-996162,173.0
mp-8623,22.0
mp-984352,200.0
mp-31148,35.0
mp-12521,89.0
mp-13090,57.0
mp-862364,155.0
mp-10850,81.0
mp-8161,74.0
mp-861662,120.0
mp-865462,265.0
mp-865538,192.0
mp-11700,45.0
mp-29153,152.0
mp-20408,22.0
mp-676586,43.0
mp-21359,169.0
mp-865048,225.0
mp-862287,199.0
mp-4984,271.0
mp-862610,172.0
mp-35143,48.0
mp-989405,16.0
mp-571599,60.0
mp-568349,69.0
mp-22736,64.0
mp-613162,12.0
mp-29379,10.0
mp-15963,221.0
mp-4840,60.0
mp-3838,71.0
mp-690785,23.0
mp-867293,169.0
mp-862602,148.0
mp-5146,174.0
mp-14208,62.0
mp-8236,61.0
mp-4697,69.0
mp-862715,178.0
mp-29135,124.0
mp-862360,147.0
mp-571263,47.0
mp-2977,16.0
mp-3829,47.0
mp-8307,133.0
mp-864997,138.0
mp-865901,227.0
mp-862565,33.0
mp-11818,40.0
mp-866298,88.0
mp-5589,78.0
mp-5659,184.0
mp-12761,137.0
mp-568077,228.0
mp-865671,61.0
mp-16245,53.0
mp-867854,49.0
mp-7787,137.0
mp-867795,186.0
mp-14476,120.0
mp-545482,18.0
mp-23350,11.0
mp-30234,8.0
mp-23353,14.0
mp-672340,102.0
mp-558432,28.0
mp-7219,35.0
mp-31145,37.0
mp-862548,76.0
mp-865554,224.0
mp-2039,166.0
mp-1725,45.0
mp-4842,84.0
mp-34579,40.0
mp-862711,67.0
mp-11834,92.0
mp-862717,94.0
mp-5745,35.0
mp-7569,40.0
mp-505297,168.0
mp-675009,49.0
mp-20466,135.0
mp-8256,35.0
mp-864764,249.0
mp-19284,124.0
mp-7942,52.0
mp-4989,129.0
mp-541,185.0
mp-864772,73.0
mp-6919,82.0
mp-13171,60.0
mp-4083,74.0
mp-865308,177.0
mp-862779,326.0
mp-754538,42.0
mp-867901,193.0
mp-861637,158.0
mp-20255,148.0
mp-21464,350.0
mp-770881,148.0
mp-862632,29.0
mp-30727,69.0
mp-30315,81.0
mp-8415,52.0
mp-865160,184.0
mp-669918,189.0
mp-862700,273.0
mp-4112,24.0
mp-11259,137.0
mp-864788,208.0
mp-2932,156.0
mp-865877,209.0
mp-866164,62.0
mp-3532,64.0
mp-5495,84.0
mp-865680,279.0
mp-22312,191.0
mp-556546,47.0
mp-680932,160.0
mp-865512,52.0
mp-672259,225.0
mp-11201,72.0
mp-864762,40.0
mp-865863,50.0
mp-865870,136.0
mp-11430,63.0
mp-865899,157.0
mp-11023,134.0
mp-865442,244.0
mp-560976,75.0
mp-862622,270.0
mp-18971,190.0
mp-31907,20.0
mp-5075,180.0
mp-867262,214.0
mp-867507,224.0
mp-5749,49.0
mp-1016874,219.0
mp-1017556,196.0
mp-1017447,172.0
mp-9574,35.0
mp-9575,57.0
mp-9573,45.0
mp-550433,165.0
mp-12927,98.0
mp-282,109.0
mp-1018022,52.0
mp-1018783,55.0
mp-1018020,72.0
mp-3164,52.0
mp-1018850,362.0
mp-1019508,178.0
mp-1019743,207.0
mp-1019550,191.0
mp-862798,284.0
mp-1020059,125.0
mp-862339,80.0
mp-867109,81.0
mp-29624,15.0
mp-866079,91.0
mp-8677,15.0
mp-862432,122.0
mp-977012,16.0
mp-977013,11.0
mp-9479,15.0
mp-995214,15.0
mp-15226,262.0
mp-20621,58.0
mp-10312,155.0
mp-574025,127.0
mp-646507,142.0
mp-1021431,12.0
mp-1023127,93.0
mp-1023132,19.0
mp-1022726,35.0
mp-1024067,30.0
mp-9564,50.0
mp-9306,66.0
mp-29009,21.0
mp-288,156.0
mp-3668,65.0
mp-29362,10.0
mp-9778,23.0
mp-7589,104.0
mp-7017,131.0
mp-573658,13.0
mp-8389,32.0
mp-608,194.0
mp-864937,43.0
mp-770118,86.0
mp-30066,140.0
mp-1010071,210.0
mp-2726,83.0
mp-865640,226.0
mp-1025517,137.0
mp-1025497,171.0
mp-864935,112.0
mp-7903,21.0
mp-19331,175.0
mp-865373,54.0
mp-20174,98.0
mp-644500,102.0
mp-864931,119.0
mp-1462,58.0
mp-865611,182.0
mp-1573,80.0
mp-867780,107.0
mp-27930,33.0
mp-600561,108.0
mp-510589,112.0
mp-1009223,43.0
mp-865712,177.0
mp-865166,169.0
mp-21286,144.0
mp-866083,196.0
mp-861936,122.0
mp-866086,214.0
mp-10255,274.0
mp-861931,179.0
mp-866087,177.0
mp-30580,53.0
mp-865990,88.0
mp-565203,150.0
mp-1021323,125.0
mp-15397,197.0
mp-16321,66.0
mp-37514,110.0
mp-16506,39.0
mp-865585,239.0
mp-1025550,159.0
mp-11687,26.0
mp-16318,52.0
mp-603930,104.0
mp-582034,213.0
mp-867304,222.0
mp-7463,123.0
mp-979273,136.0
mp-865342,128.0
mp-865382,225.0
mp-505780,143.0
mp-985287,122.0
mp-19149,100.0
mp-862259,64.0
mp-7474,108.0
mp-866186,111.0
mp-7598,124.0
mp-552265,88.0
mp-5229,173.0
mp-3602,92.0
mp-37307,214.0
mp-971911,126.0
mp-867226,25.0
mp-27705,33.0
mp-865425,152.0
mp-635713,64.0
mp-978270,80.0
mp-1147,171.0
mp-867317,141.0
mp-866022,192.0
mp-29900,109.0
mp-21040,158.0
mp-2884,24.0
mp-1009832,225.0
mp-556076,88.0
mp-25542,101.0
mp-632311,202.0
mp-11736,222.0
mp-542090,28.0
mp-981935,17.0
mp-571030,133.0
mp-1025441,194.0
mp-1699,186.0
mp-1001916,197.0
mp-977273,198.0
mp-3740,156.0
mp-562468,102.0
mp-553310,29.0
mp-4321,98.0
mp-1025170,225.0
mp-984873,125.0
mp-30766,31.0
mp-30765,220.0
mp-540783,4.0
mp-19279,104.0
mp-279,144.0
mp-865362,145.0
mp-21237,152.0
mp-570690,213.0
mp-865583,41.0
mp-754752,184.0
mp-776216,77.0
mp-12335,96.0
mp-561830,17.0
mp-570641,214.0
mp-510436,141.0
mp-1007974,193.0
mp-5862,94.0
mp-863720,135.0
mp-576,222.0
mp-976976,139.0
mp-1025500,67.0
mp-1025456,57.0
mp-17383,168.0
mp-864941,49.0
mp-21863,57.0
mp-30418,114.0
mp-1944,149.0
mp-865960,338.0
mp-542106,127.0
mp-867195,187.0
mp-27276,199.0
mp-864909,195.0
mp-864745,41.0
mp-569270,278.0
mvc-4299,128.0
mp-557837,19.0
mp-11807,115.0
mp-31152,83.0
mp-644311,197.0
mp-985583,21.0
mp-20422,19.0
mp-3830,109.0
mp-865376,40.0
mp-567181,162.0
mp-25587,71.0
mp-864934,78.0
mp-20059,99.0
mp-13641,150.0
mp-570017,111.0
mp-24082,202.0
mp-18105,9.0
mp-12741,115.0
mvc-13303,308.0
mp-4571,148.0
mp-861,130.0
mp-973092,106.0
mp-925,319.0
mp-1961,101.0
mp-28460,6.0
mp-1008798,328.0
mp-2678,243.0
mp-1378,42.0
mp-1001581,152.0
mp-676416,306.0
mp-2132,181.0
mp-628,107.0
mp-8200,62.0
mp-517,185.0
mp-36,51.0
mp-16960,206.0
mp-2379,177.0
mp-755313,174.0
mp-565,108.0
mp-8045,210.0
mp-3660,82.0
mp-29896,149.0
mp-549166,27.0
mp-830,177.0
mp-22917,7.0
mp-5699,43.0
mp-2700,63.0
mp-2705,241.0
mp-3107,150.0
mp-1604,213.0
mp-766,149.0
mp-1885,229.0
mp-32887,15.0
mp-11307,43.0
mp-9945,85.0
mp-2243,180.0
mp-1873,98.0
mp-20050,51.0
mp-551,42.0
mp-1335,196.0
mp-1409,192.0
mp-998,99.0
mp-1352,247.0
mp-9563,32.0
mp-6947,272.0
mp-1915,227.0
mp-7375,103.0
mp-2845,124.0
mp-30892,24.0
mp-2008,134.0
mp-2105,145.0
mp-23259,21.0
mp-11407,217.0
mp-949,216.0
mp-5019,205.0
mp-1585,211.0
mp-736,40.0
mp-2229,172.0
mp-11248,99.0
mp-554799,14.0
mp-545820,34.0
mp-892,136.0
mp-19856,127.0
mp-1575,53.0
mp-8937,195.0
mp-1019509,29.0
mp-1716,233.0
mp-813,88.0
mp-774,125.0
mp-1501,199.0
mp-2644,137.0
mp-7597,22.0
mp-20516,205.0
mp-28731,238.0
mp-463,29.0
mp-567412,62.0
mp-22478,145.0
mp-9969,101.0
mp-2339,166.0
mp-23714,37.0
mp-16488,106.0
mp-23715,30.0
mp-567164,275.0
mp-559,126.0
mp-1555,178.0
mp-9459,101.0
mp-251,327.0
mp-11345,134.0
mp-30491,45.0
mp-2643,132.0
mp-32,59.0
mp-1299,203.0
mp-2349,56.0
mp-2659,35.0
mp-700,21.0
mp-12884,76.0
mp-40793,226.0
mp-1067,50.0
mp-7088,256.0
mp-21893,49.0
mp-14587,63.0
mp-1641,72.0
mp-568328,139.0
mp-561258,70.0
mp-23710,50.0
mp-1019544,143.0
mp-10026,63.0
mp-10025,257.0
mp-1336,159.0
mp-21012,199.0
mp-22631,245.0
mp-2744,79.0
mp-4051,9.0
mp-23711,48.0
mp-5285,59.0
mp-12546,140.0
mp-18427,161.0
mp-1646,26.0
mp-22916,27.0
mp-856,172.0
mp-1334,61.0
mp-11279,126.0
mp-597,151.0
mp-22895,36.0
mp-30355,28.0
mp-9973,273.0
mp-9972,89.0
mp-1825,92.0
mp-17848,184.0
mp-869,133.0
mp-23712,61.0
mp-29973,39.0
mp-7955,28.0
mp-996,281.0
mp-1018649,378.0
mp-23222,28.0
mp-684668,58.0
mp-10598,77.0
mp-2430,107.0
mp-534,243.0
mp-7576,187.0
mp-638,53.0
mp-570081,9.0
mp-10910,167.0
mp-15964,114.0
mp-2420,222.0
mp-535,193.0
mp-27488,241.0
mp-1953,115.0
mp-818,195.0
mp-554573,26.0
mp-1039,35.0
mp-11276,207.0
mp-1783,56.0
mp-20849,132.0
mp-1973,122.0
mp-11329,189.0
mp-5025,165.0
mp-2657,209.0
mp-23313,33.0
mp-20382,105.0
mp-1630,104.0
mp-971682,140.0
mp-10000,131.0
mp-20937,320.0
mp-22033,111.0
mp-988,234.0
mp-11322,142.0
mp-22447,125.0
mp-22469,149.0
mp-15965,141.0
mp-718,146.0
mp-981,65.0
mp-2170,68.0
mp-18707,70.0
mp-448,251.0
mp-811,148.0
mp-570553,141.0
mp-22320,201.0
mp-614777,51.0
mp-555280,69.0
mp-1482,108.0
mp-730,177.0
mp-2346,134.0
mp-11565,178.0
mp-754553,132.0
mp-470,206.0
mp-2758,41.0
mp-21008,175.0
mp-16775,100.0
mp-764949,46.0
mp-7424,179.0
mp-30338,49.0
mp-2646,42.0
mp-1550,85.0
mp-21873,113.0
mp-507,203.0
mp-875,236.0
mp-567505,214.0
mp-2572,26.0
mp-30603,137.0
mp-2749,124.0
mp-1638,48.0
mp-545512,87.0
mp-23227,29.0
mp-2180,84.0
mp-2157,279.0
mp-30443,152.0
mp-7596,237.0
mp-458,216.0
mp-452,116.0
mp-30846,102.0
mp-18337,214.0
mp-450,287.0
mp-8432,74.0
mp-850062,114.0
mp-850251,124.0
mp-850978,131.0
mp-862318,102.0
mp-862658,90.0
mp-862669,223.0
mp-862871,29.0
mp-862260,78.0
mp-862868,23.0
mp-864794,90.0
mp-864889,100.0
mp-864952,48.0
mp-864936,228.0
mp-864953,231.0
mp-864955,154.0
mp-865014,56.0
mp-865191,227.0
mp-865193,212.0
mp-865588,93.0
mp-7469,46.0
mp-865604,17.0
mp-865939,30.0
mp-866046,108.0
mp-5127,72.0
mp-865985,137.0
mp-865798,127.0
mp-866311,60.0
mp-867121,72.0
mp-867300,87.0
mp-867744,194.0
mp-867330,168.0
mp-867840,210.0
mp-867917,199.0
mp-867904,219.0
mp-867915,149.0
mp-8682,152.0
mp-8790,81.0
mp-8911,46.0
mp-9158,81.0
mp-9437,166.0
mp-8864,199.0
mp-8800,39.0
mp-924130,122.0
mp-9172,80.0
mp-9060,70.0
mp-9223,153.0
mp-9248,79.0
mp-9179,60.0
mp-935811,183.0
mp-9198,115.0
mp-9212,81.0
mp-9453,69.0
mp-941221,16.0
mp-9577,50.0
mp-950995,27.0
mp-971752,108.0
mp-971779,208.0
mp-9578,35.0
mp-9595,161.0
mp-972088,94.0
mp-972042,96.0
mp-9631,154.0
mp-971706,153.0
mp-972828,139.0
mp-972692,43.0
mp-972954,43.0
mp-973374,28.0
mp-972220,234.0
mp-9719,40.0
mp-973455,30.0
mp-972916,69.0
mp-568595,210.0
mp-976023,26.0
mp-975906,63.0
mp-976017,26.0
mp-976262,25.0
mp-976256,20.0
mp-976280,18.0
mp-976239,26.0
mp-976139,19.0
mp-976818,176.0
mp-976806,146.0
mp-976838,173.0
mp-977059,142.0
mp-977207,21.0
mp-977218,21.0
mp-978508,166.0
mp-978273,40.0
mp-978269,63.0
mp-978279,46.0
mp-978285,46.0
mp-978274,42.0
mp-978268,51.0
mp-978278,10.0
mp-985579,147.0
mp-2658,175.0
mp-9902,123.0
mp-991676,30.0
mp-555678,131.0
mp-980200,128.0
mp-1487,162.0
mp-990440,82.0
mp-979294,112.0
mp-10048,63.0
mp-996975,106.0
mp-996960,20.0
mp-9927,27.0
mp-985805,94.0
mp-985584,22.0
mp-29678,61.0
mp-985825,93.0
mp-985806,100.0
mp-997034,77.0
mp-997055,71.0
mp-997042,17.0
mp-997054,46.0
mp-997100,80.0
mp-997031,134.0
mp-998981,106.0
mp-999079,107.0
mp-998988,108.0
mp-999027,110.0
mp-8880,83.0
mp-8883,60.0
mp-999540,51.0
mp-8881,67.0
mp-13208,73.0
mp-8884,43.0
mp-19795,20.0
mp-22888,21.0
mp-22889,7.0
mp-504659,149.0
mp-8882,76.0
mp-8511,6.0
mp-31172,30.0
mp-796,162.0
mp-505319,8.0
mp-50,194.0
mp-561664,11.0
mp-11456,233.0
mp-11455,185.0
mp-191,109.0
mp-568273,20.0
mp-30849,243.0
mp-4626,69.0
mp-8462,115.0
mp-1986,127.0
mp-30840,157.0
mp-560902,85.0
mp-20738,183.0
mp-1483,221.0
mp-21385,92.0
mp-5724,20.0
mp-22908,4.0
mp-22905,32.0
mp-22904,33.0
mp-23268,16.0
mp-1264,117.0
mp-20648,244.0
mp-2450,38.0
mp-1265,151.0
mp-2294,151.0
mp-554278,181.0
mp-2451,72.0
mp-30811,234.0
mp-241,97.0
mp-5427,116.0
mp-569794,195.0
mp-313,113.0
mp-642659,192.0
mp-7437,36.0
mp-1317,85.0
mp-569196,132.0
mp-1294,115.0
mp-11190,175.0
mp-2589,129.0
mp-2583,190.0
mp-30876,103.0
mp-2580,264.0
mp-7595,10.0
mp-2588,152.0
mp-715553,97.0
mp-2582,143.0
mp-30599,132.0
mp-30594,146.0
mp-555763,69.0
mp-2513,137.0
mp-12657,120.0
mp-31219,267.0
mp-2512,151.0
mp-557266,40.0
mp-67,52.0
mp-978275,184.0
mp-216,168.0
mp-3963,25.0
mp-571,160.0
mp-20344,177.0
mp-1314,36.0
mp-2,160.0
mp-754455,141.0
mp-10905,153.0
mp-1960,78.0
mp-10692,157.0
mp-20,124.0
mp-493,247.0
mp-11441,117.0
mp-555434,93.0
mp-11449,192.0
mp-3472,40.0
mp-917,56.0
mp-915,57.0
mp-28395,199.0
mp-22389,89.0
mp-1459,338.0
mp-30850,262.0
mp-30858,228.0
mp-20741,240.0
mp-1272,264.0
mp-30856,213.0
mp-384,58.0
mp-647,180.0
mp-1279,307.0
mp-381,248.0
mp-30490,40.0
mp-567597,47.0
mp-769096,119.0
mp-30851,202.0
mp-10901,129.0
mp-9812,117.0
mp-2283,131.0
mp-3589,60.0
mp-2287,184.0
mp-7542,47.0
mp-2284,32.0
mp-7541,43.0
mp-7891,54.0
mp-18316,69.0
mp-13503,81.0
mp-2327,79.0
mp-7140,212.0
mp-30746,129.0
mp-31337,69.0
mp-24719,199.0
mp-1670,168.0
mp-23262,54.0
mp-10256,62.0
mp-2128,56.0
mp-11299,37.0
mp-2593,177.0
mp-30581,123.0
mp-557259,5.0
mp-20426,140.0
mp-11290,43.0
mp-720,4.0
mp-571102,12.0
mp-567841,92.0
mp-31205,104.0
mp-193,109.0
mp-10281,69.0
mp-21476,244.0
mp-8062,211.0
mp-3955,29.0
mp-21342,163.0
mp-484,16.0
mp-7262,51.0
mp-487,138.0
mp-10695,68.0
mp-755,99.0
mp-3953,76.0
mp-633538,195.0
mp-30672,118.0
mp-481,200.0
mp-20351,59.0
mp-486,102.0
mp-489,109.0
mp-644481,174.0
mp-929,164.0
mp-22913,43.0
mp-921,152.0
mp-922,221.0
mp-341,31.0
mp-927,89.0
mp-1114,171.0
mp-390,179.0
mp-2116,180.0
mp-395,103.0
mp-999473,164.0
mp-1118,193.0
mp-12086,159.0
mp-1111,148.0
mp-1784,21.0
mp-7440,28.0
mp-14019,259.0
mp-11452,229.0
mp-13450,101.0
mp-11453,179.0
mp-558378,114.0
mp-1018157,205.0
mp-1201,18.0
mp-1029,54.0
mp-2472,87.0
mp-19895,88.0
mp-1591,160.0
mp-1595,139.0
mp-1598,26.0
mp-1594,177.0
mp-316,243.0
mp-1592,52.0
mp-30488,28.0
mp-1203,195.0
mp-22060,153.0
mp-560236,50.0
mp-2337,156.0
mp-1027,219.0
mp-22795,57.0
mp-315,70.0
mp-427,163.0
mp-28919,27.0
mp-1696,110.0
mp-5409,132.0
mp-20599,66.0
mp-11280,122.0
mp-11284,47.0
mp-712,70.0
mp-1869,149.0
mp-568293,72.0
mp-2696,65.0
mp-20541,207.0
mp-2698,80.0
mp-2564,19.0
mp-2567,196.0
mp-11281,160.0
mp-19876,103.0
mp-585,260.0
mp-2697,71.0
mp-19177,179.0
mp-10293,40.0
mp-21318,72.0
mp-12104,175.0
mp-583,157.0
mp-31086,35.0
mp-755875,178.0
mp-12108,246.0
mp-1969,97.0
mp-4608,18.0
mp-3519,130.0
mp-22646,128.0
mp-546794,27.0
mp-933,75.0
mp-934,31.0
mp-936,59.0
mp-938,31.0
mp-18712,59.0
mp-2369,101.0
mp-363,142.0
mp-21296,45.0
mp-94,42.0
mp-932,73.0
mp-1108,302.0
mp-10759,58.0
mp-2554,120.0
mp-930,134.0
mp-1018142,227.0
mp-485,170.0
mp-364,196.0
mp-20211,204.0
mp-530074,219.0
mp-1918,197.0
mp-4779,41.0
mp-1215,184.0
mp-542595,172.0
mp-23152,29.0
mp-1219,35.0
mp-7457,14.0
mp-23157,41.0
mp-550172,172.0
mp-20847,107.0
mp-9918,40.0
mp-2706,36.0
mp-30655,132.0
mp-380,56.0
mp-11684,103.0
mp-11470,83.0
mp-2515,231.0
mp-11385,105.0
mp-11387,102.0
mp-189,204.0
mp-1278,126.0
mp-673635,200.0
mp-16514,167.0
mp-4559,45.0
mp-753890,197.0
mp-16860,60.0
mp-971631,75.0
mp-3054,55.0
mp-22323,151.0
mp-13033,33.0
mp-2685,115.0
mp-33137,256.0
mp-714882,143.0
mp-1883,40.0
mp-7938,73.0
mp-18835,106.0
mp-758933,205.0
mp-9716,179.0
mp-11499,43.0
mp-11567,81.0
mp-33009,175.0
mp-568696,213.0
mp-755690,181.0
mp-590,134.0
mp-1380,138.0
mp-10196,272.0
mp-3934,79.0
mp-1113,330.0
mp-31138,151.0
mp-23260,15.0
mp-629015,101.0
mp-372,241.0
mp-1132,126.0
mp-10744,161.0
mp-374,252.0
mp-13683,113.0
mp-5373,186.0
mp-1138,70.0
mp-246,104.0
mp-1224,24.0
mp-2490,76.0
mp-11,40.0
mp-249,117.0
mp-1229,59.0
mp-1222,196.0
mp-1769,104.0
mp-11397,123.0
mp-10497,46.0
mp-23291,18.0
mp-1842,127.0
mp-1840,191.0
mp-11393,167.0
mp-2783,215.0
mp-8780,285.0
mp-569167,280.0
mp-23297,7.0
mp-1020011,87.0
mp-20196,35.0
mp-1804,207.0
mp-23295,15.0
mp-20971,201.0
mp-30797,90.0
mp-6988,267.0
mp-2207,23.0
mp-11571,62.0
mp-30435,27.0
mp-1667,200.0
mp-11578,113.0
mp-684580,28.0
mp-510421,9.0
mp-553432,14.0
mp-16521,204.0
mp-559435,95.0
mp-16523,156.0
mp-986716,51.0
mp-1519,36.0
mp-1498,109.0
mp-1491,286.0
mp-6945,16.0
mp-1490,127.0
mp-344,179.0
mp-317,139.0
mp-1128,215.0
mp-15617,291.0
mp-15619,56.0
mp-1121,176.0
mp-20305,49.0
mp-1124,64.0
mp-8352,134.0
mp-13119,93.0
mp-22633,40.0
mp-11489,37.0
mp-3635,60.0
mp-8039,126.0
mp-1515,125.0
mp-406,35.0
mp-1371,64.0
mp-13126,200.0
mp-11192,184.0
mp-11191,181.0
mp-30671,121.0
mp-570985,213.0
mp-16526,205.0
mp-2481,58.0
mp-559798,128.0
mp-370,73.0
mp-171,213.0
mp-2488,211.0
mp-1458,223.0
mp-1851,133.0
mp-2797,109.0
mp-1775,72.0
mp-10390,129.0
mp-2795,221.0
mp-27710,277.0
mp-30785,90.0
mp-18922,136.0
mp-30784,67.0
mp-2517,37.0
mp-6997,32.0
mp-572283,90.0
mp-2516,60.0
mp-1934,42.0
mp-1882,91.0
mp-12693,65.0
mp-13164,142.0
mp-306,33.0
mp-20943,40.0
mp-12802,133.0
mp-22598,145.0
mp-19326,103.0
mp-18937,202.0
mp-742,126.0
mp-13010,58.0
mp-743,17.0
mp-1695,120.0
mp-81,137.0
mp-603694,221.0
mp-33107,4.0
mp-776911,115.0
mp-101,346.0
mp-19399,203.0
mp-755071,140.0
mp-19094,233.0
mp-350,67.0
mp-2557,103.0
mp-2053,174.0
mp-17639,81.0
mp-12659,233.0
mp-17413,205.0
mp-2058,225.0
mp-18759,127.0
mp-34202,15.0
mp-1793,106.0
mp-642644,191.0
mp-8484,144.0
mp-1502,129.0
mp-16522,112.0
mp-1159,124.0
mp-35035,15.0
mp-1157,214.0
mp-30684,112.0
mp-20318,320.0
mp-351,164.0
mp-30685,97.0
mp-23195,21.0
mp-21167,194.0
mp-30683,100.0
mp-1086,324.0
mp-36779,51.0
mp-7506,224.0
mp-30682,114.0
mp-1799,243.0
mp-3822,60.0
mp-1791,131.0
mp-22154,52.0
mp-1867,215.0
mp-11454,137.0
mp-6930,27.0
mp-22498,62.0
mp-2126,276.0
mp-2121,84.0
mp-560338,37.0
mp-468,45.0
mp-1416,31.0
mp-11364,128.0
mp-284,179.0
mp-614603,7.0
mp-1823,115.0
mp-20465,107.0
mp-24726,138.0
mp-27919,170.0
mp-1822,119.0
mp-11550,91.0
mp-2478,175.0
mp-995122,19.0
mp-1152,230.0
mp-1038,94.0
mp-429,146.0
mp-22925,20.0
mp-2612,39.0
mp-12065,120.0
mp-754698,166.0
mp-305,194.0
mp-570935,15.0
mp-30572,119.0
mp-753,48.0
mp-867351,302.0
mp-12910,27.0
mp-24728,175.0
mp-20327,131.0
mp-7709,96.0
mp-1437,35.0
mp-10711,174.0
mp-328,122.0
mp-22864,82.0
mp-5348,105.0
mp-11883,196.0
mp-22867,14.0
mp-9244,153.0
mp-30885,79.0
mp-1018150,18.0
mp-432,237.0
mp-10904,184.0
mp-437,79.0
mp-430,152.0
mp-592,212.0
mp-1145,253.0
mp-2691,45.0
mp-34688,182.0
mp-1099,136.0
mp-15679,163.0
mp-2225,158.0
mp-22909,7.0
mp-2221,101.0
mp-12794,90.0
mp-1005,212.0
mp-1849,194.0
mp-1841,299.0
mp-1479,161.0
mp-30875,115.0
mp-36066,54.0
mp-22095,114.0
mp-9339,188.0
mp-568735,213.0
mp-2534,61.0
mp-2533,235.0
mp-2536,250.0
mp-20928,116.0
mp-11239,106.0
mp-22787,237.0
mp-1907,18.0
mp-1018067,184.0
mp-1017552,117.0
mp-777479,42.0
mp-864984,209.0
mp-2027,153.0
mp-75,174.0
mp-30383,134.0
mp-11521,110.0
mp-20027,180.0
mp-29621,23.0
mp-10635,50.0
mp-22784,150.0
mp-1914,73.0
mp-1687,71.0
mp-5971,159.0
mp-766454,155.0
mp-11522,163.0
mp-74,253.0
mp-755453,130.0
mp-643265,6.0
mp-30686,111.0
mp-13456,70.0
mp-2542,208.0
mp-7285,181.0
mp-2176,46.0
mp-13447,88.0
mp-20191,202.0
mp-2078,130.0
mp-1174,48.0
mp-2071,65.0
mp-196,125.0
mp-19717,40.0
mp-5504,50.0
mp-173,104.0
mp-754333,228.0
mp-810,114.0
mp-30481,166.0
mp-22344,110.0
mp-2075,293.0
mp-7753,140.0
mp-331,78.0
mp-676,45.0
mp-9588,41.0
mp-492,259.0
mp-11531,210.0
mp-333,162.0
mp-15669,60.0
mp-547271,238.0
mp-21294,53.0
mp-12107,237.0
mp-15661,112.0
mp-1172,115.0
mp-2187,89.0
mp-560588,69.0
mp-24154,178.0
mp-30562,87.0
mp-137,53.0
mp-13155,111.0
mp-795,52.0
mp-496,58.0
mp-29661,181.0
mp-13156,117.0
mp-16529,112.0
mp-1451,211.0
mp-554089,20.0
mp-568186,167.0
mp-1727,54.0
mp-593,129.0
mp-1780,138.0
mp-568619,213.0
mp-1476,101.0
mp-78,62.0
mp-570112,309.0
mp-8282,204.0
mp-560203,55.0
mp-568284,13.0
mp-2212,121.0
mp-2210,117.0
mp-1395,252.0
mp-2211,218.0
mp-2213,187.0
mp-1399,104.0
mp-570791,214.0
mp-2012,31.0
mp-11229,65.0
mp-11228,60.0
mp-11220,70.0
mp-569803,321.0
mp-555934,93.0
mp-2018,174.0
mp-672,53.0
mp-9583,44.0
mp-20787,291.0
mp-248,244.0
mp-19724,123.0
mp-976060,67.0
mp-670,231.0
mp-1169,81.0
mp-10736,13.0
mp-250,42.0
mp-389,149.0
mp-8187,43.0
mp-229,211.0
mp-15659,135.0
mp-10734,207.0
mp-303,48.0
mp-5652,139.0
mp-7868,46.0
mp-14112,42.0
mp-815,180.0
mp-2723,270.0
mp-999142,86.0
mp-21078,169.0
mp-2065,56.0
mp-21075,236.0
mp-30777,182.0
mp-1070,44.0
mp-694,16.0
mp-1387,159.0
mp-841,71.0
mp-561428,44.0
mp-661,194.0
mp-22865,15.0
mp-4200,150.0
mp-27164,138.0
mp-30501,91.0
mp-24093,108.0
mp-22514,95.0
mp-1077,286.0
mp-1249,95.0
mp-684969,56.0
mp-665,15.0
mp-20432,138.0
mp-1007760,59.0
mp-11504,88.0
mp-22510,136.0
mp-11501,174.0
mp-22862,23.0
mp-979,81.0
mp-20689,240.0
mp-570923,203.0
mp-20725,116.0
mp-1471,101.0
mp-9664,18.0
mp-30769,30.0
mp-7302,124.0
mp-408,50.0
mp-754672,68.0
mp-542909,264.0
mp-404,46.0
mp-1282,307.0
mp-11675,28.0
mp-13679,33.0
mp-365,159.0
mp-23193,16.0
mp-16723,58.0
mp-18695,184.0
mp-401,56.0
mp-12467,36.0
mp-804,172.0
mp-2192,262.0
mp-2199,212.0
mp-1194,137.0
mp-190,243.0
mp-7565,147.0
mp-10721,139.0
mp-20900,95.0
mp-1190,58.0
mp-622497,185.0
mp-2301,115.0
mp-641539,255.0
mp-2675,127.0
mp-9938,141.0
mp-554201,92.0
mp-1326,164.0
mp-2674,162.0
mp-568671,194.0
mp-258,140.0
mp-9939,133.0
mp-1008632,219.0
mp-1018050,342.0
mp-2731,100.0
mp-1285,204.0
mp-30767,28.0
mp-31498,50.0
mp-1008634,135.0
mp-23846,26.0
mp-1652,139.0
mp-13686,194.0
mp-30764,136.0
mp-571059,55.0
mp-1658,109.0
mp-2670,165.0
mp-13682,22.0
mp-30768,31.0
mp-541837,12.0
mp-510624,131.0
mp-14088,17.0
mp-770107,159.0
mp-29356,144.0
mp-5473,50.0
mp-2987,29.0
mp-643409,104.0
mp-1001011,188.0
mp-1001023,83.0
mp-1001825,32.0
mp-1001835,69.0
mp-1002124,163.0
mp-1001833,31.0
mp-1002165,167.0
mp-10037,234.0
mp-1002206,241.0
mp-1006226,38.0
mp-1006880,72.0
mp-1007770,39.0
mp-1008274,272.0
mp-1008280,259.0
mp-1008568,105.0
mp-1008920,186.0
mp-1008677,250.0
mp-1008785,281.0
mp-1009078,305.0
mp-10092,40.0
mp-1009488,259.0
mp-1009077,177.0
mp-1008929,195.0
mp-1009820,121.0
mp-1009813,59.0
mp-1009735,411.0
mp-10136,253.0
mp-1011860,42.0
mp-1013895,213.0
mp-1012640,174.0
mp-1014261,188.0
mp-10189,38.0
mp-10182,65.0
mp-10311,146.0
mp-10437,54.0
mp-10394,175.0
mp-10379,143.0
mp-10463,164.0
mp-10550,94.0
mp-10521,71.0
mp-10615,38.0
mp-10749,48.0
mp-10675,163.0
mp-10824,47.0
mp-10614,43.0
mp-10519,66.0
mp-10748,38.0
mp-10746,98.0
mp-10883,203.0
mp-10898,133.0
mp-10887,134.0
mp-10967,57.0
mp-11737,80.0
mp-11658,55.0
mp-11175,30.0
mp-11029,101.0
mp-11019,151.0
mp-11401,107.0
mp-11400,130.0
mp-11583,159.0
mp-10985,43.0
mp-12029,60.0
mp-11580,204.0
mp-11649,58.0
mp-11750,149.0
mp-12268,54.0
mp-12266,77.0
mp-12317,57.0
mp-12265,66.0
mp-12806,49.0
mp-12549,79.0
mp-12781,107.0
mp-12557,56.0
mp-12760,106.0
mp-12863,42.0
mp-12854,47.0
mp-12992,104.0
mp-13089,46.0
mp-12867,112.0
mp-13149,49.0
mp-12990,137.0
mp-13334,165.0
mp-13092,105.0
mp-13202,76.0
mp-13095,92.0
mp-13276,44.0
mp-13094,91.0
mp-13277,39.0
mp-13725,70.0
mp-13963,31.0
mp-13946,22.0
mp-13829,43.0
mp-13982,67.0
mp-14069,93.0
mp-14099,81.0
mp-14089,57.0
mp-13993,72.0
mp-14090,47.0
mp-14105,100.0
mp-13964,95.0
mp-14116,164.0
mp-14142,171.0
mp-7911,31.0
mp-14568,57.0
mp-14600,74.0
mp-14793,99.0
mp-14628,144.0
mp-14827,82.0
mp-15113,100.0
mp-15297,126.0
mp-15252,72.0
mp-15695,110.0
mp-15642,43.0
mp-15701,174.0
mp-15779,127.0
mp-15988,53.0
mp-15985,133.0
mp-15895,79.0
mp-15896,63.0
mp-16304,127.0
mp-16236,27.0
mp-16053,27.0
mp-16501,163.0
mp-16491,83.0
mp-16293,112.0
mp-16828,63.0
mp-17129,86.0
mp-17177,141.0
mp-17275,112.0
mp-17856,110.0
mp-18732,177.0
mp-18767,103.0
mp-18750,158.0
mp-18717,195.0
mp-18721,112.0
mp-18766,199.0
mp-18775,136.0
mp-18779,39.0
mp-18782,127.0
mp-18807,111.0
mp-18816,181.0
mp-18814,99.0
mp-18819,131.0
mp-18849,76.0
mp-18924,109.0
mp-18949,90.0
mp-18875,136.0
mp-18968,88.0
mp-18895,68.0
mp-19004,124.0
mp-18928,116.0
mp-18966,131.0
mp-18972,131.0
mp-19050,133.0
mp-19082,159.0
mp-19080,77.0
mp-19102,111.0
mp-19097,174.0
mp-19142,96.0
mp-19120,64.0
mp-19147,125.0
mp-19138,85.0
mp-19141,35.0
mp-19148,61.0
mp-19183,88.0
mp-19225,131.0
mp-19226,84.0
mp-19219,63.0
mp-19231,41.0
mp-19252,29.0
mp-19241,83.0
mp-18918,142.0
mp-19260,69.0
mp-19308,114.0
mp-19328,191.0
mp-19340,120.0
mp-19359,114.0
mp-19384,148.0
mp-19365,69.0
mp-19418,95.0
mp-19376,145.0
mp-19407,127.0
mp-19419,121.0
mp-19442,160.0
mp-19163,63.0
mp-19391,114.0
mp-19740,101.0
mp-19746,69.0
mp-19896,42.0
mp-19893,56.0
mp-19943,70.0
mp-19850,195.0
mp-19970,78.0
mp-19955,161.0
mp-20049,80.0
mp-20144,212.0
mp-20145,185.0
mp-20249,199.0
mp-20335,228.0
mp-20474,70.0
mp-20605,25.0
mp-20565,162.0
mp-20554,45.0
mp-20545,74.0
mp-20892,202.0
mp-20840,168.0
mp-20865,68.0
mp-20674,109.0
mp-20932,218.0
mp-20940,148.0
mp-20944,92.0
mp-21096,45.0
mp-21069,130.0
mp-20897,94.0
mp-21141,129.0
mp-21003,124.0
mp-21449,238.0
mp-21422,143.0
mp-21447,197.0
mp-21495,238.0
mp-21609,68.0
mp-22120,197.0
mp-22144,177.0
mp-22212,129.0
mp-22167,109.0
mp-22275,108.0
mp-22262,258.0
mp-22271,20.0
mp-22289,184.0
mp-22414,31.0
mp-8098,170.0
mp-22662,163.0
mp-22747,20.0
mp-22716,80.0
mp-22769,171.0
mp-22939,26.0
mp-22756,39.0
mp-23054,58.0
mp-23339,27.0
mp-23431,10.0
mp-23053,7.0
mp-22947,12.0
mp-22977,14.0
mp-22992,21.0
mp-23330,25.0
mp-23526,17.0
mp-23560,51.0
mp-23702,25.0
mp-23737,35.0
mp-23709,14.0
mp-23704,19.0
mp-23804,79.0
mp-23807,155.0
mp-23956,23.0
mp-23684,23.0
mp-23959,24.0
mp-24045,72.0
mp-24390,72.0
mp-24668,19.0
mp-19330,75.0
mp-25372,122.0
mp-25385,110.0
mp-25417,133.0
mp-25317,70.0
mp-25886,60.0
mp-27226,93.0
mp-27275,73.0
mp-27315,50.0
mp-27319,155.0
mp-27321,40.0
mp-27579,46.0
mp-27425,40.0
mp-27677,47.0
mp-27719,185.0
mp-27897,29.0
mp-28232,162.0
mp-28020,12.0
mp-28150,88.0
mp-28145,11.0
mp-28270,17.0
mp-28230,13.0
mp-28273,28.0
mp-28592,38.0
mp-28549,81.0
mp-28782,24.0
mp-28711,13.0
mp-2879,138.0
mp-28954,34.0
mp-2895,119.0
mp-29111,172.0
mp-29136,61.0
mp-29069,58.0
mp-29091,76.0
mp-29066,144.0
mp-29396,51.0
mp-2931,110.0
mp-29352,86.0
mp-29658,151.0
mp-29455,152.0
mp-29618,205.0
mp-29736,80.0
mp-30156,96.0
mp-30183,120.0
mp-30057,17.0
mp-30242,79.0
mp-30244,51.0
mp-30208,105.0
mp-3020,167.0
mp-30245,48.0
mp-30551,191.0
mp-30818,88.0
mp-30657,166.0
mp-3034,78.0
mp-30656,147.0
mp-30598,47.0
mp-3031,56.0
mp-30819,127.0
mp-30247,46.0
mp-30301,27.0
mp-3094,81.0
mp-30451,40.0
mp-30591,52.0
mp-3098,182.0
mp-31038,8.0
mp-3102,43.0
mp-31212,47.0
mp-31460,156.0
mp-31468,70.0
mp-31516,23.0
mp-31510,67.0
mp-3163,134.0
mp-31703,22.0
mp-3173,57.0
mp-3208,58.0
mp-3210,101.0
mp-3241,71.0
mp-3271,153.0
mp-3283,39.0
mp-3323,153.0
mp-3416,51.0
mp-34195,48.0
mp-3340,203.0
mp-3349,140.0
mp-3345,73.0
mp-3359,96.0
mp-33581,170.0
mp-33551,159.0
mp-3397,64.0
mp-34139,153.0
mp-3427,93.0
mp-3498,165.0
mp-3470,96.0
mp-34993,154.0
mp-35841,61.0
mp-3597,117.0
mp-3536,180.0
mp-36086,108.0
mp-3642,137.0
mp-35539,34.0
mp-3574,124.0
mp-3576,174.0
mp-3671,101.0
mp-36864,123.0
mp-36884,128.0
mp-36111,55.0
mp-3726,85.0
mp-3650,40.0
mp-3666,123.0
mp-3677,173.0
mp-3747,159.0
mp-3748,159.0
mp-33708,162.0
mp-3698,52.0
mp-3759,164.0
mp-37620,116.0
mp-37657,95.0
mp-37614,203.0
mp-3771,163.0
mp-37906,98.0
mp-38035,63.0
mp-3813,56.0
mp-3803,237.0
mp-38280,171.0
mp-3833,64.0
mp-7002,98.0
mp-3834,149.0
mp-37473,135.0
mp-3909,161.0
mp-3924,154.0
mp-3938,125.0
mp-3944,149.0
mp-3988,75.0
mp-4043,33.0
mp-4131,159.0
mp-4156,101.0
mp-4180,96.0
mp-4163,130.0
mp-6473,83.0
mp-4280,151.0
mp-4255,66.0
mp-2998,163.0
mp-4549,96.0
mp-4391,200.0
mp-4636,135.0
mp-4541,63.0
mp-6766,102.0
mp-4612,179.0
mp-4419,133.0
mp-4711,89.0
mp-4438,143.0
mp-4668,40.0
mp-4019,172.0
mp-4699,130.0
mp-4429,93.0
mp-4441,78.0
mp-4499,68.0
mp-4681,86.0
mp-4481,90.0
mp-4728,60.0
mp-4748,123.0
mp-4824,44.0
mp-4753,142.0
mp-4771,134.0
mp-4813,181.0
mp-4878,102.0
mp-4820,203.0
mp-5012,76.0
mp-4826,121.0
mp-4867,114.0
mp-4979,66.0
mp-4998,129.0
mp-4997,119.0
mp-4964,97.0
mp-4930,183.0
mp-4978,155.0
mp-5020,97.0
mp-27219,49.0
mp-19035,116.0
mp-504708,15.0
mp-27793,122.0
mp-27335,41.0
mp-504580,138.0
mp-27888,196.0
mp-504935,38.0
mp-28568,24.0
mp-505042,58.0
mp-505071,163.0
mp-505110,144.0
mp-505244,28.0
mp-505527,142.0
mp-505517,185.0
mp-5046,36.0
mp-505562,154.0
mp-505782,22.0
mp-5077,29.0
mp-30353,205.0
mp-30428,18.0
mp-510412,232.0
mp-510437,89.0
mp-510430,23.0
mp-510219,118.0
mp-30739,77.0
mp-510281,143.0
mp-510657,116.0
mp-5288,140.0
mp-5238,75.0
mp-5193,70.0
mp-5122,28.0
mp-5244,114.0
mp-5221,172.0
mp-530399,196.0
mp-5388,44.0
mp-19017,91.0
mp-540111,12.0
mp-540231,59.0
mp-540284,32.0
mp-540584,54.0
mp-540791,180.0
mp-541037,20.0
mp-4287,106.0
mp-542488,77.0
mp-542316,270.0
mp-542429,66.0
mp-542569,202.0
mp-542640,143.0
mp-542854,59.0
mp-545467,51.0
mp-542915,107.0
mp-545974,121.0
mp-5456,98.0
mp-5784,53.0
mp-543001,104.0
mp-5492,79.0
mp-8180,39.0
mp-3731,102.0
mp-22987,17.0
mp-551918,128.0
mp-5532,127.0
mp-553875,157.0
mp-553932,20.0
mp-553939,71.0
mp-4651,168.0
mp-553961,167.0
mp-552185,35.0
mp-552588,142.0
mp-554352,58.0
mp-554601,64.0
mp-5014,42.0
mp-554678,116.0
mp-5566,67.0
mp-554973,67.0
mp-504711,208.0
mp-4428,75.0
mp-555321,59.0
mp-555359,59.0
mp-556084,16.0
mp-556041,59.0
mp-556235,75.0
mp-556125,46.0
mp-29308,34.0
mp-556548,87.0
mp-556927,36.0
mp-556777,76.0
mp-22390,166.0
mp-5305,67.0
mp-557403,72.0
mp-557373,16.0
mp-557018,48.0
mp-2955,70.0
mp-4236,83.0
mp-19448,157.0
mp-557753,37.0
mp-558046,58.0
mp-557929,54.0
mp-4630,108.0
mp-3136,181.0
mp-559051,106.0
mp-5839,100.0
mp-5594,159.0
mp-559390,76.0
mp-31043,29.0
mp-559691,102.0
mp-559976,39.0
mp-560242,60.0
mp-560399,70.0
mp-560865,14.0
mp-12079,43.0
mp-561033,46.0
mp-560663,50.0
mp-561412,75.0
mp-561480,74.0
mp-19292,143.0
mp-19198,73.0
mp-18965,86.0
mp-19086,79.0
mp-505820,118.0
mp-18762,46.0
mp-20489,105.0
mp-19424,175.0
mp-553303,17.0
mp-22325,46.0
mp-23089,83.0
mp-5621,40.0
mp-5637,90.0
mp-18988,112.0
mp-5670,132.0
mp-567097,89.0
mp-567395,28.0
mp-567191,55.0
mp-567510,33.0
mp-567601,51.0
mp-567278,148.0
mp-20199,28.0
mp-567618,205.0
mp-23214,19.0
mp-567657,34.0
mp-567889,112.0
mp-567705,109.0
mp-567981,198.0
mp-568014,158.0
mp-567750,190.0
mp-567817,13.0
mp-567771,152.0
mp-567832,87.0
mp-568121,193.0
mp-567744,17.0
mp-568106,56.0
mp-866375,215.0
mp-567871,185.0
mp-2454,147.0
mp-568306,63.0
mp-567929,147.0
mp-567996,191.0
mp-568419,76.0
mp-568495,110.0
mp-568404,31.0
mp-691,24.0
mp-13270,48.0
mp-568565,88.0
mp-568636,198.0
mp-1755,125.0
mp-568673,151.0
mp-568746,55.0
mp-568901,196.0
mp-568718,106.0
mp-568865,87.0
mp-568792,181.0
mp-569018,37.0
mp-569073,35.0
mp-569151,122.0
mp-510441,121.0
mp-1393,51.0
mp-30209,16.0
mp-569408,44.0
mp-569152,6.0
mp-569265,71.0
mp-569298,83.0
mp-569568,225.0
mp-569535,31.0
mp-569708,234.0
mp-569426,35.0
mp-569679,11.0
mp-569446,86.0
mp-569458,219.0
mp-569775,100.0
mp-569815,185.0
mp-569544,93.0
mp-569834,74.0
mp-569558,118.0
mp-569837,110.0
mp-569833,107.0
mp-569849,30.0
mp-569581,31.0
mp-569683,108.0
mp-569671,104.0
mp-569639,20.0
mp-569785,132.0
mp-570150,56.0
mp-570001,106.0
mp-570287,211.0
mp-570097,42.0
mp-570122,30.0
mp-570091,38.0
mp-570199,162.0
mp-570196,106.0
mp-570197,55.0
mp-5702,68.0
mp-570276,108.0
mp-570430,222.0
mp-570491,222.0
mp-570558,10.0
mp-570557,199.0
mp-570691,114.0
mp-570657,44.0
mp-570673,159.0
mp-570751,167.0
mp-570784,197.0
mp-2089,21.0
mp-22318,45.0
mp-570744,59.0
mp-570896,54.0
mp-570904,164.0
mp-570832,161.0
mp-1477,31.0
mp-522,135.0
mp-27456,21.0
mp-570960,274.0
mp-11250,58.0
mp-571160,65.0
mp-571133,22.0
mp-571126,228.0
mp-571222,6.0
mp-571203,71.0
mp-571270,24.0
mp-571262,123.0
mp-5723,138.0
mp-5733,92.0
mp-571513,10.0
mp-571619,163.0
mp-5773,105.0
mp-5795,101.0
mp-580287,99.0
mp-573697,12.0
mp-5748,164.0
mp-5777,97.0
mp-5756,64.0
mp-580357,146.0
mp-5827,175.0
mp-581786,108.0
mp-5840,119.0
mp-5853,159.0
mp-5869,113.0
mp-5933,140.0
mp-5921,192.0
mp-5924,191.0
mp-5986,104.0
mp-5938,94.0
mp-601842,190.0
mp-603640,67.0
mp-601848,192.0
mp-600428,75.0
mp-6008,154.0
mp-601820,187.0
mp-604910,24.0
mp-605663,162.0
mp-609151,122.0
mp-6094,85.0
mp-615141,13.0
mp-19133,125.0
mp-622209,113.0
mp-622570,133.0
mp-623024,10.0
mp-625054,114.0
mp-625055,74.0
mp-625056,114.0
mp-625136,17.0
mp-625487,46.0
mp-626620,21.0
mp-626680,44.0
mp-626689,44.0
mp-626902,114.0
mp-18946,182.0
mp-19905,225.0
mp-636334,177.0
mp-636328,178.0
mp-634431,24.0
mp-636320,190.0
mp-636368,102.0
mp-634381,111.0
mp-640041,85.0
mp-6408,71.0
mp-639402,34.0
mp-640266,92.0
mp-640708,125.0
mp-641526,184.0
mp-643063,23.0
mp-643989,19.0
mp-644223,17.0
mp-644424,79.0
mp-644280,187.0
mp-645159,162.0
mp-646824,50.0
mp-6493,101.0
mp-649774,21.0
mp-639874,162.0
mp-5158,17.0
mp-6668,96.0
mp-669347,75.0
mp-669917,156.0
mp-669546,150.0
mp-672216,116.0
mp-672287,32.0
mp-672265,148.0
mp-672371,165.0
mp-675045,30.0
mp-675172,212.0
mp-675120,52.0
mp-674334,87.0
mp-674478,53.0
mp-675324,50.0
mp-674953,48.0
mp-675766,21.0
mp-675402,105.0
mp-675734,128.0
mp-675748,42.0
mp-675880,46.0
mp-644497,23.0
mp-675755,76.0
mp-676117,41.0
mp-675902,62.0
mp-676290,28.0
mp-676540,14.0
mp-676512,50.0
mp-676861,198.0
mp-677103,22.0
mp-677335,27.0
mp-680677,127.0
mp-685146,35.0
mp-685022,37.0
mp-2750,41.0
mp-685055,30.0
mp-685194,108.0
mp-685991,35.0
mp-689940,17.0
mp-690490,225.0
mp-690525,99.0
mp-690535,180.0
mp-690536,123.0
mp-6931,59.0
mp-6953,87.0
mp-695998,17.0
mp-696497,47.0
mp-696752,27.0
mp-697068,180.0
mp-6980,84.0
mp-7006,173.0
mp-7038,21.0
mp-7068,43.0
mp-7187,162.0
mp-7298,91.0
mp-7339,56.0
mp-7352,94.0
mp-7376,36.0
mp-7422,86.0
mp-7435,34.0
mp-7467,32.0
mp-7473,104.0
mp-752415,136.0
mp-752398,97.0
mp-752730,64.0
mp-752463,178.0
mp-752496,155.0
mp-752849,141.0
mp-752928,77.0
mp-753059,37.0
mp-753098,55.0
mp-753257,28.0
mp-753459,214.0
mp-753490,132.0
mp-753671,54.0
mp-753708,135.0
mp-753848,84.0
mp-753982,12.0
mp-753657,188.0
mp-753802,137.0
mp-754008,79.0
mp-753946,74.0
mp-754727,67.0
mp-754701,135.0
mp-754262,104.0
mp-754322,106.0
mp-754246,26.0
mp-754238,98.0
mp-754223,135.0
mp-754352,50.0
mp-754344,104.0
mp-754364,145.0
mp-754375,142.0
mp-754516,65.0
mp-755000,129.0
mp-754483,29.0
mp-754495,139.0
mp-755115,45.0
mp-755225,94.0
mp-755298,73.0
mp-755352,106.0
mp-755253,155.0
mp-755302,162.0
mp-755328,87.0
mp-755570,69.0
mp-755895,119.0
mp-755974,66.0
mp-756018,79.0
mp-756214,191.0
mp-756132,21.0
mp-756095,47.0
mp-756597,95.0
mp-757031,147.0
mp-757100,71.0
mp-758006,99.0
mp-758052,76.0
mp-758104,142.0
mp-758658,83.0
mp-758594,175.0
mp-758741,133.0
mp-758835,119.0
mp-759541,88.0
mp-759877,53.0
mp-760401,189.0
mp-7603,49.0
mp-760376,55.0
mp-760408,97.0
mp-760396,216.0
mp-760483,105.0
mp-760410,20.0
mp-761315,152.0
mp-760539,107.0
mp-761341,223.0
mp-761415,164.0
mp-761524,146.0
mp-761574,152.0
mp-761556,173.0
mp-761563,148.0
mp-761716,152.0
mp-762225,48.0
mp-762391,95.0
mp-762268,87.0
mp-762506,113.0
mp-773525,87.0
mp-7639,34.0
mp-47,436.0
mp-764233,47.0
mp-764648,142.0
mp-764744,21.0
mp-765499,54.0
mp-765508,109.0
mp-766217,95.0
mp-2693,50.0
mp-7704,62.0
mp-770618,156.0
mp-770635,114.0
mp-770649,99.0
mp-770771,140.0
mp-770997,125.0
mp-771986,91.0
mp-773864,165.0
mp-773929,155.0
mp-774092,52.0
mp-774192,107.0
mp-774155,99.0
mp-774411,112.0
mp-7748,133.0
mp-774922,6.0
mp-775001,7.0
mp-775127,94.0
mp-775296,165.0
mp-775331,134.0
mp-775831,42.0
mp-776250,159.0
mp-776264,38.0
mp-776331,222.0
mp-777463,37.0
mp-777595,49.0
mp-777667,74.0
mp-7781,69.0
mp-7786,15.0
mp-779328,88.0
mp-865592,87.0
mp-779545,43.0
mp-780880,32.0
mp-783905,75.0
mp-795616,155.0
mp-8001,142.0
mp-8276,63.0
mp-8207,193.0
mp-8285,162.0
mp-8310,117.0
mp-541289,66.0
mp-992,43.0
mp-22735,29.0
mp-19814,114.0
mp-8085,57.0
mp-7851,247.0
mp-7875,49.0
mp-784631,228.0
mp-1563,53.0
mp-1349,118.0
mp-7937,75.0
mp-2741,77.0
mp-5878,69.0
mp-7848,26.0
mp-8042,202.0
mp-20662,59.0
mp-8278,51.0
mp-8159,46.0
mp-9835,98.0
mp-8291,49.0
mp-623,147.0
mp-8335,106.0
mp-31467,149.0
mp-5798,165.0
mp-23713,47.0
mp-1925,131.0
mp-27821,53.0
mp-984,103.0
mp-20086,64.0
mp-1030,210.0
mp-971694,99.0
mp-11644,16.0
mp-1542,164.0
mp-902,21.0
mp-87,122.0
mp-1021672,75.0
mp-7577,210.0
mp-2653,373.0
mp-11718,24.0
mp-2432,30.0
mp-20664,86.0
mp-22682,95.0
mp-19870,174.0
mp-556,138.0
mp-3515,146.0
mp-10228,25.0
mp-20155,101.0
mp-20536,127.0
mp-1708,60.0
mp-10890,64.0
mp-4342,105.0
mp-7586,195.0
mp-555,182.0
mp-690760,128.0
mp-12752,108.0
mp-21260,100.0
mp-2108,139.0
mp-695,168.0
mp-1749,57.0
mp-21255,154.0
mp-568610,53.0
mp-11359,78.0
mp-27838,17.0
mp-27145,32.0
mp-2500,113.0
mp-1620,218.0
mp-1557,57.0
mp-820,41.0
mp-823,163.0
mp-30867,144.0
mp-12614,25.0
mp-829,156.0
mp-8044,227.0
mp-944,185.0
mp-22508,151.0
mp-1359,259.0
mp-2716,152.0
mp-20997,126.0
mp-7859,119.0
mp-30798,141.0
mp-1746,103.0
mp-113,300.0
mp-22619,145.0
mp-7927,270.0
mp-1523,127.0
mp-696,174.0
mp-682,48.0
mp-634859,61.0
mp-1001602,239.0
mp-11358,147.0
mp-2404,56.0
mp-238,134.0
mp-13444,36.0
mp-31379,106.0
mp-13365,35.0
mp-1367,53.0
mp-733,38.0
mp-570483,184.0
mp-4248,167.0
mp-7832,342.0
mp-5513,25.0
mp-9996,12.0
mp-2604,38.0
mp-574,222.0
mp-568,89.0
mp-21215,111.0
mp-7343,56.0
mp-1539,93.0
mp-2762,196.0
mp-2802,197.0
mp-569522,137.0
mp-13363,205.0
mp-12773,100.0
mp-10212,81.0
mp-8939,221.0
mp-2824,158.0
mp-2807,98.0
mp-948,55.0
mp-214,183.0
mp-12777,131.0
mp-17783,57.0
mp-2606,99.0
mp-22919,32.0
mp-1364,78.0
mp-12779,35.0
mp-757,35.0
mp-2918,114.0
mp-12772,113.0
mp-978496,138.0
mp-1431,210.0
mp-871,211.0
mp-2605,105.0
mp-556788,42.0
mp-5126,68.0
mp-9173,94.0
mp-1401,102.0
mp-1412,120.0
mp-2775,53.0
mp-22749,220.0
mp-7947,186.0
mp-11607,252.0
mp-32994,225.0
mp-564,98.0
mp-842,132.0
mp-1022724,143.0
mp-844,68.0
mp-684709,96.0
mp-2151,50.0
mp-2152,148.0
mp-1808,141.0
mp-562,104.0
mp-4252,16.0
mp-771,141.0
mp-1439,204.0
mp-846,114.0
mp-19052,34.0
mp-571438,130.0
mp-4253,291.0
mp-549706,112.0
mp-1019,121.0
mp-7623,43.0
mp-1373,172.0
mp-7948,246.0
mp-778,216.0
mp-2614,107.0
mp-554405,69.0
mp-7226,201.0
mp-893,141.0
mp-7822,89.0
mp-23703,37.0
mp-7250,213.0
mp-1718,147.0
mp-2469,53.0
mp-2418,23.0
mp-20061,177.0
mp-2663,207.0
mp-1057,130.0
mp-569346,39.0
mp-1941,153.0
mp-1055,59.0
mp-850,144.0
mp-20112,164.0
mp-8053,70.0
mp-865527,72.0
mp-1773,337.0
mp-1990,50.0
mp-11231,76.0
mp-2103,143.0
mp-7812,23.0
mp-775808,115.0
mp-865,149.0
mp-625,107.0
mp-2137,65.0
mp-34857,17.0
mp-2343,41.0
mp-581833,17.0
mp-17045,194.0
mp-7582,21.0
mp-1019055,380.0
mp-1543,115.0
mp-2664,224.0
mp-2242,21.0
mp-631,253.0
mp-2172,70.0
mp-2647,105.0
mp-30357,21.0
mp-2578,49.0
mp-862,60.0
mp-569051,48.0
mp-2634,313.0
mp-11025,68.0
mp-12724,24.0
mp-1180,217.0
mp-4138,24.0
mp-1019612,18.0
mp-725,234.0
mp-215,46.0
mp-9923,152.0
mp-20296,89.0
mp-79,67.0
mp-2251,52.0
mp-530274,186.0
mp-21117,120.0
mp-11513,209.0
mp-889,299.0
mp-1069,132.0
mp-2910,46.0
mp-1404,90.0
mp-11517,271.0
mp-22270,193.0
mp-7818,139.0
mp-9880,177.0
mp-9922,18.0
mp-557993,41.0
mp-446,242.0
mp-30882,106.0
mp-1580,305.0
mp-2310,103.0
mp-30883,125.0
mp-1581,10.0
mp-11566,75.0
mp-8046,292.0
mp-473,13.0
mp-567551,214.0
mp-13138,106.0
mp-1019097,161.0
mp-1589,197.0
mp-776456,213.0
mp-1425,199.0
mp-1424,123.0
mp-12769,85.0
mp-2828,266.0
mp-20826,15.0
mp-11514,244.0
mp-1989,215.0
mp-20828,172.0
mp-42,195.0
mp-825,252.0
mp-2168,28.0
mp-24428,15.0
mp-28266,109.0
mp-540,128.0
mp-568656,213.0
mp-27253,81.0
mp-8615,252.0
mp-3889,46.0
mp-2059,162.0
mp-1028,53.0
mp-15837,116.0
mp-8231,168.0
mp-4691,45.0
mp-2767,115.0
mp-1601,264.0
mp-7000,29.0
mp-6914,35.0
mp-2091,256.0
mp-2827,148.0
mp-12700,250.0
mp-27932,34.0
mp-2311,243.0
mp-11809,108.0
mp-27505,105.0
mp-2097,32.0
mp-11714,214.0
mp-2701,315.0
mp-2361,111.0
mp-953,119.0
mp-7857,207.0
mp-7228,277.0
mp-27148,89.0
mp-1949,210.0
mp-4198,75.0
mp-9947,213.0
mp-11328,188.0
mp-22461,119.0
mp-9946,70.0
mp-11209,83.0
mp-423,152.0
mp-615,41.0
mp-617,48.0
mp-866134,193.0
mp-1357,151.0
mp-11413,74.0
mp-23219,7.0
mp-449,185.0
mp-12071,126.0
mp-19962,93.0
mp-30536,89.0
mp-11412,80.0
mp-20883,129.0
mp-7631,213.0
mp-11233,108.0
mp-12608,245.0
mp-2772,113.0
mp-2033,197.0
mp-10052,116.0
mp-2715,132.0
mp-2403,172.0
mp-1331,56.0
mp-30778,71.0
mp-10264,36.0
mp-894,172.0
mp-697179,114.0
mp-12070,102.0
mp-20418,220.0
mp-15951,20.0
mp-11411,76.0
mp-30884,71.0
mp-1020019,89.0
mp-7819,147.0
mp-1018100,49.0
mp-23209,34.0
mp-3792,190.0
mp-8372,60.0
mp-739,139.0
mp-28336,24.0
mp-1018107,14.0
mp-24286,130.0
mp-17659,56.0
mp-776896,56.0
mp-7189,148.0
mp-569857,17.0
mp-9208,280.0
mp-20857,303.0
mp-14285,163.0
mp-49,401.0
mp-1982,133.0
mp-11870,88.0
mp-2258,142.0
mp-2090,189.0
mp-7288,140.0
mp-10408,30.0
mp-763,148.0
mp-22204,228.0
mp-696746,227.0
mp-32880,48.0
mp-9953,148.0
mp-2853,209.0
mp-8110,205.0
mp-160,211.0
mp-15621,49.0
mp-571193,137.0
mp-1346,227.0
mp-755264,237.0
mp-10886,102.0
mp-6972,132.0
mp-2624,49.0
mp-10015,295.0
mp-9970,89.0
mp-2410,59.0
mp-9486,26.0
mp-252,55.0
mp-2743,73.0
mp-23870,22.0
mp-1008487,341.0
mp-2851,98.0
mp-755300,207.0
mp-11230,55.0
mp-8634,280.0
mp-639662,8.0
mp-2856,125.0
mp-7790,179.0
mp-635,184.0
mp-22752,80.0
mp-7904,55.0
mp-7498,66.0
mp-9921,21.0
mp-548,228.0
mp-1714,181.0
mp-7188,191.0
mp-20622,161.0
mp-2330,69.0
mp-7931,45.0
mp-9610,50.0
mp-2250,164.0
mp-2322,80.0
mp-1330,255.0
mp-1569,201.0
mp-1935,22.0
mp-1339,313.0
mp-1700,195.0
mp-126,247.0
mp-1418,203.0
mp-30852,242.0
mp-274,98.0
mp-21859,87.0
mp-728,48.0
mp-10030,338.0
mp-891,218.0
mp-729,249.0
mp-558733,265.0
mp-1903,51.0
mp-738,71.0
mp-30408,111.0
mp-253,142.0
mp-2133,130.0
mp-16886,92.0
mp-604884,102.0
mp-3448,64.0
mp-203,101.0
mp-1356,84.0
mp-2773,195.0
mp-22568,168.0
mp-2406,62.0
mp-1221,184.0
mp-8094,16.0
mp-6938,173.0
mp-3762,39.0
mp-30886,79.0
mp-7092,146.0
mp-1042,153.0
mp-1047,72.0
mp-1046,96.0
mp-22894,25.0
mp-22899,21.0
mp-12742,130.0
mp-786,54.0
mp-788,110.0
mp-782,53.0
mp-1019584,127.0
mp-13178,205.0
mp-12648,127.0
mp-188,225.0
mp-971673,23.0
mp-22700,80.0
mp-573,91.0
mp-32777,162.0
mp-32570,197.0
mp-1021499,76.0
mp-715572,178.0
mp-546500,27.0
mp-20683,74.0
mp-10649,85.0
mp-34,109.0
mp-504974,141.0
mvc-15,46.0
mp-30336,117.0
mp-1008374,320.0
mp-568286,118.0
mp-1954,131.0
mvc-15387,328.0
mp-1705,127.0
mp-775906,139.0
mp-776532,217.0
mp-20311,19.0
mp-11800,95.0
mp-550,91.0
mp-22309,99.0
mp-558852,104.0
mp-611426,436.0
mp-754741,109.0
mp-775935,127.0
mp-168,83.0
mp-971683,68.0
mp-10257,197.0
mp-72,113.0
mp-239,33.0
mp-1022,19.0
mp-973364,35.0
mp-140,49.0
mp-656887,146.0
mp-635966,89.0
mp-571520,80.0
mp-937760,117.0
mp-2746,335.0
mp-753629,153.0
mp-157,21.0
mp-1342,68.0
mp-2049,192.0
mp-136,294.0
mp-714961,146.0
mp-2173,38.0
mp-998866,331.0
mp-32884,26.0
mp-567907,145.0
mp-135,14.0
mp-2552,90.0
mp-2340,49.0
mp-13,182.0
mp-971662,76.0
mp-865212,310.0
mp-971669,82.0
mp-975292,159.0
mp-972845,199.0
mp-759943,197.0
mp-91,304.0
mp-92,108.0
mp-90,259.0
mp-1266,26.0
mp-9027,56.0
mp-995434,192.0
mp-27953,300.0
mp-22003,26.0
mp-13061,140.0
mp-569423,49.0
mp-1315,74.0
mp-776097,200.0
mp-1275,252.0
mp-2280,65.0
mp-84,46.0
mp-10597,88.0
mp-54,212.0
mp-1672,57.0
mp-20745,40.0
mp-2286,34.0
mp-634,8.0
mp-2194,16.0
mp-2592,207.0
mp-488,65.0
mp-697111,16.0
mp-755769,159.0
mp-142,50.0
mp-1018028,141.0
mp-7048,186.0
mp-569289,10.0
mp-949028,32.0
mp-556605,190.0
mp-539,31.0
mp-12105,21.0
mp-1105,67.0
mp-1938,231.0
mp-704419,178.0
mp-14024,132.0
mp-975272,8.0
mp-2507,16.0
mp-131,94.0
mp-715482,75.0
mp-569567,435.0
mp-7459,20.0
mp-4770,43.0
mp-755759,213.0
mp-554462,138.0
mp-567313,22.0
mp-13031,44.0
mp-13032,55.0
mp-1139,260.0
mp-643432,8.0
mp-1019086,83.0
mp-14549,178.0
mp-27726,5.0
mp-30790,196.0
mp-556034,4.0
mp-971661,79.0
mp-755066,182.0
mp-6985,107.0
mp-55,48.0
mp-8566,86.0
mp-999549,353.0
mp-714969,89.0
mp-30788,217.0
mp-1123,50.0
mp-2794,233.0
mp-10173,14.0
mp-20901,77.0
mp-38970,22.0
mp-9561,20.0
mp-8640,101.0
mp-570002,311.0
mp-2237,145.0
mp-741,225.0
mp-684591,139.0
mp-13154,198.0
mp-109,99.0
mp-556911,97.0
mp-20483,37.0
mp-352,205.0
mp-2371,14.0
mp-1933,116.0
mp-685097,210.0
mp-20485,10.0
mp-1274,160.0
mp-999498,276.0
mp-10760,59.0
mp-1880,15.0
mp-771359,160.0
mp-1153,40.0
mp-10172,9.0
mp-361,111.0
mp-2231,24.0
mp-616559,147.0
mp-9063,13.0
mp-24834,22.0
mp-11506,230.0
mp-1868,147.0
mp-638765,78.0
mp-7608,91.0
mp-1081,98.0
mp-226,146.0
mp-1836,22.0
mp-648,28.0
mp-754812,130.0
mp-11507,223.0
mp-2056,105.0
mp-557762,128.0
mp-752826,166.0
mp-8642,363.0
mp-1143,232.0
mp-16220,62.0
mp-12177,46.0
mp-12087,97.0
mp-975065,364.0
mp-7761,65.0
mp-997182,140.0
mp-18773,59.0
mp-2076,18.0
mp-18257,242.0
mp-1683,16.0
mp-776404,195.0
mp-1087,47.0
mp-2070,124.0
mp-8,365.0
mp-684679,119.0
mp-11227,92.0
mp-1394,23.0
mp-4529,29.0
mp-82,26.0
mp-4531,27.0
mp-850131,27.0
mp-2201,47.0
mp-1922,138.0
mp-30180,111.0
mp-715434,204.0
mp-662,119.0
mp-85,33.0
mp-15651,104.0
mp-1473,270.0
mp-755175,189.0
mp-971,27.0
mp-776490,228.0
mp-66,436.0
mp-259,225.0
mp-2305,350.0
mp-989695,142.0
mp-2125,23.0
mp-1253,36.0
mp-2733,141.0
mp-704645,146.0
mp-2780,88.0
mp-1008922,205.0
mp-1008500,67.0
mp-1011695,12.0
mp-1008682,60.0
mp-16913,29.0
mp-18817,69.0
mp-20525,60.0
mp-27863,29.0
mp-27367,7.0
mp-28810,14.0
mp-30053,23.0
mp-3497,56.0
mp-541989,41.0
mp-542812,10.0
mp-555229,15.0
mp-555370,95.0
mp-559044,47.0
mp-568607,121.0
mp-568936,58.0
mp-568789,84.0
mp-571053,119.0
mp-571033,22.0
mp-571651,105.0
mp-571247,136.0
mp-19019,147.0
mp-19435,140.0
mp-19276,56.0
mp-604908,16.0
mp-19421,141.0
mp-510456,22.0
mp-23866,9.0
mp-626785,25.0
mp-19413,206.0
mp-18852,50.0
mp-640073,52.0
mp-634676,14.0
mp-639789,251.0
mp-25082,3.0
mp-6633,18.0
mp-756361,122.0
mp-754954,23.0
mp-756134,143.0
mp-763353,124.0
mp-765195,87.0
mp-7581,22.0
mp-754403,174.0
mp-149,83.0
mp-755089,152.0
mp-19443,197.0
mp-32669,19.0
mp-2352,46.0
mp-9920,19.0
mp-557,30.0
mp-784630,233.0
mp-715923,199.0
mp-567397,336.0
mp-2034,334.0
mp-32662,150.0
mp-20862,106.0
mp-8639,309.0
mp-129,262.0
mp-2652,138.0
mp-19066,226.0
mp-124,88.0
mp-606949,119.0
mp-505531,30.0
mp-2574,169.0
mp-2811,327.0
mp-153,37.0
mp-1522,150.0
mp-1521,110.0
mp-755483,213.0
mp-1627,99.0
mp-134,83.0
mp-3372,25.0
mp-19390,228.0
mp-8938,207.0
mp-714976,66.0
mp-117,38.0
mp-616440,436.0
mp-760381,77.0
mp-103,108.0
mp-559676,28.0
mp-1509,17.0
mp-510536,219.0
mp-104,36.0
mp-21273,20.0
mp-7622,20.0
mp-169,117.0
mp-2809,16.0
mp-1692,143.0
mp-21276,52.0
mp-19,22.0
mp-1894,385.0
mp-754628,121.0
mp-2156,18.0
mp-1500,41.0
mp-1866,25.0
mp-102,212.0
mp-1017,134.0
mp-618991,93.0
mp-2619,94.0
mp-1547,124.0
mp-33,308.0
mp-362,127.0
mp-775910,188.0
mp-20066,5.0
mp-230,96.0
mp-676011,66.0
mp-30,145.0
mp-146,179.0
mp-11334,299.0
mp-999200,82.0
mp-1552,294.0
mp-510623,223.0
mp-20868,259.0
mp-27678,16.0
mp-886,155.0
mp-19128,130.0
mp-550893,248.0
mp-991,375.0
mp-19306,176.0
mp-715469,228.0
mp-7583,24.0
mp-23,198.0
mp-2000,64.0
mp-18856,33.0
mp-566278,194.0
mp-2654,33.0
mp-45,17.0
mp-127,8.0
mp-8426,16.0
mp-48,122.0
mp-754624,190.0
mp-756436,140.0
mp-1023128,105.0
mp-760,118.0
mp-755263,29.0
mp-2672,32.0
mp-2363,200.0
mp-8041,15.0
mp-1871,221.0
mp-11327,14.0
mp-2254,201.0
mp-754629,103.0
mp-1022728,110.0
mp-4264,19.0
mp-775757,216.0
mp-22693,20.0
mp-18905,147.0
mp-1008395,403.0
mp-20714,87.0
mp-165,89.0
mp-112,41.0
mp-46,113.0
mp-13136,365.0
mp-8635,90.0
mp-1943,13.0
mp-504,80.0
mp-556742,17.0
mp-685036,146.0
mp-29145,8.0
mp-22914,48.0
mp-754759,138.0
mp-594,136.0
mp-779689,8.0
mp-754401,95.0
mp-775907,128.0
mp-1565,235.0
mp-24,387.0
mp-1340,28.0
mp-2858,183.0
mp-613523,180.0
mp-24084,14.0
mp-132,17.0
mp-219,219.0
mp-1068,77.0
mp-10021,49.0
mp-775909,194.0
mp-19009,204.0
mp-510557,15.0
mp-22691,11.0
mp-8601,33.0
mp-2136,19.0
mp-1332,241.0
mp-555599,74.0
mp-1985,409.0
mvc-3489,167.0
mp-4533,62.0
mp-38725,19.0
mp-752467,101.0
mp-862361,141.0
mp-5515,80.0
mp-864715,160.0
mp-677105,60.0
mp-17095,12.0
